structure,scenario,reaction,dG‡ low,dG‡ high,dG_rxn low,dG_rxn high,accepted sets
M1,free,R1,1.0803271170007571,1.1382003474821252,-0.4744841790745109,-0.4744841790745109,25
M1,free,R2,1.2289956824811956,1.2872779975928133,-0.15799999301256196,-0.15799999301256196,25
M1,free,R3,1.2195775930575503,1.2778465665072194,-0.17746062342214775,-0.17746062342214775,25
M1,free,R5,0.4324018522736493,0.8266773114839885,-0.3728631167139969,-0.3728631167139969,25
M1,free,R6,0.5765974500736774,0.9764665694150779,-0.05637893064239547,-0.05637893064239547,25
M1,free,R7,0.5671331845850642,0.9668963563792446,-0.07583956106163375,-0.07583956106163375,25
M1,free,R4,1.1465763206792712,1.1563878930642744,0.10162106236172057,0.10162106236172057,25
M1,free,R8,1.27392529946898,1.290590606583278,-0.04717159174085289,-0.04717159174085289,25
M1,free,R9,1.0743225105518697,1.0908558171153058,-0.467192134254746,-0.467192134254746,25
M1,long,R1,1.1701081458707232,1.1702211224280497,-0.4744841790745109,-0.4744841790745109,14
M1,long,R2,1.3193966272500393,1.3195103329438576,-0.15799999301256196,-0.15799999301256196,14
M1,long,R3,1.3099583202289882,1.3100720021431482,-0.17746062342214775,-0.17746062342214775,14
M1,long,R5,0.4288240136743744,0.7240073025082782,-0.3728631167139969,-0.3728631167139969,14
M1,long,R6,0.5729339112896468,0.8728237864162526,-0.05637893064239547,-0.05637893064239547,14
M1,long,R7,0.5634712690180612,0.8632719983507131,-0.07583956106163375,-0.07583956106163375,14
M1,long,R4,1.1425692668973886,1.1426988722273501,0.10162106236172057,0.10162106236172057,14
M1,long,R8,1.2819202072189373,1.281920214257454,-0.04717159174085289,-0.04717159174085289,14
M1,long,R9,1.082253672531719,1.082253679514459,-0.467192134254746,-0.467192134254746,14
M1,middle,R1,1.1660761327085307,1.2405602218934164,-0.4744841790745109,-0.4744841790745109,24
M1,middle,R2,1.315338513431794,1.3902813070729572,-0.15799999301256196,-0.15799999301256196,24
M1,middle,R3,1.305901057643236,1.3808288913486362,-0.17746062342214775,-0.17746062342214775,24
M1,middle,R5,0.4287903754784403,0.7656234436043765,-0.3728631167139969,-0.3728631167139969,24
M1,middle,R6,0.5728994622710913,0.91486026663974,-0.05637893064239547,-0.05637893064239547,24
M1,middle,R7,0.5634368353570116,0.9053005170787746,-0.07583956106163375,-0.07583956106163375,24
M1,middle,R4,1.0716572404075422,1.0868111506178995,0.10162106236172057,0.10162106236172057,24
M1,middle,R8,1.2732331786056519,1.2898984842773338,-0.04717159174085289,-0.04717159174085289,24
M1,middle,R9,1.0736359451493525,1.0901691102047477,-0.467192134254746,-0.467192134254746,24
M1,short,R1,0.6192183168407289,0.7666786086604958,-0.4744841790745109,-0.4744841790745109,13
M1,short,R2,0.7625614549901873,0.9122798408347311,-0.15799999301256196,-0.15799999301256196,13
M1,short,R3,0.753317046135129,0.9029617877386061,-0.17746062342214775,-0.17746062342214775,13
M1,short,R5,0.8426788678872028,0.8428054299301911,-0.3728631167139969,-0.3728631167139969,13
M1,short,R6,0.9926017876140755,0.9927293898474908,-0.05637893064239547,-0.05637893064239547,13
M1,short,R7,0.9830290429372257,0.9831566254687603,-0.07583956106163375,-0.07583956106163375,13
M1,short,R4,1.1760336586396425,1.2509977797108904,0.10162106236172057,0.10162106236172057,13
M1,short,R8,1.282662063200546,1.2863332406066161,-0.04717159174085289,-0.04717159174085289,13
M1,short,R9,1.0829896530477043,1.0866318528733065,-0.467192134254746,-0.467192134254746,13
M3-split,free,R1,1.0750664761445605,1.138958028734062,-0.15014207107419938,0.1768348455937942,88
M3-split,free,R2,0.9865449387291981,1.0494953441784125,-0.0497635756755298,0.271401736925129,88
M3-split,free,R3,1.004626318158437,1.0680183604697466,0.008151316857731603,0.3073471272075278,88
M3-split,free,R5,0.5911869329617337,0.9932313831602697,-0.43809388905113955,-0.1202063975520955,88
M3-split,free,R6,0.6310220396330203,1.0436712116373732,-0.34352699771980477,-0.027988540482750603,88
M3-split,free,R7,0.6480032321776268,1.0671866749660694,-0.3075816074374059,0.018379270225042377,88
M3-split,free,R4,1.231783970127784,1.2486647906811155,-0.614928734642219,0.010227953366405855,88
M3-split,free,R8,1.2784490950156988,1.295120894713752,-0.04717159174326601,-0.047171591736026655,88
M3-split,free,R9,1.0788101403522974,1.0953507991704072,-0.46719213426198536,-0.467192134254746,88
M3-split,long,R1,1.1935034205129575,1.6475806220113782,-0.12788573659078373,0.1847011184624404,85
M3-split,long,R2,0.9678244751154431,1.045680201705273,-0.04367946566598126,0.2707551795147764,85
M3-split,long,R3,0.9850543744292259,1.0626930358491422,-9.896639940856342e-05,0.3056590645748777,85
M3-split,long,R5,0.41329791948812017,0.861657991627999,-0.426975700690207,-0.0864026272222812,85
M3-split,long,R6,0.44953263751147676,0.9022954616671877,-0.34092163963787103,-0.0021963563023049545,85
M3-split,long,R7,0.4646635514383359,0.921140018738558,-0.30601775457776975,0.0413841429594415,85
M3-split,long,R4,1.2340942089140008,1.256096199304084,-0.6116768191526474,0.04148310936578778,85
M3-split,long,R8,1.2861391820598536,1.2876434504526397,-0.04717159174567913,-0.04717159173843977,85
M3-split,long,R9,1.0864393220124564,1.0879317601803749,-0.4671921342643985,-0.467192134254746,85
M3-split,middle,R1,1.231501306983926,1.5943092911611225,-0.132019697938233,0.17315875792020094,69
M3-split,middle,R2,0.9309250141508928,0.9790502105059208,-0.0373692648744496,0.2555261907057675,69
M3-split,middle,R3,0.9483870635075745,0.9975201239755175,0.0025905858048673107,0.2897134765876642,69
M3-split,middle,R5,0.4155421034496706,0.7318207685721778,-0.4063343917000447,-0.08868456182046085,69
M3-split,middle,R6,0.45047607514280824,0.771971245218257,-0.3239669589144782,-0.008311209507725244,69
M3-split,middle,R7,0.46538970857245904,0.7897577502264671,-0.28977967303258145,0.03164864117159167,69
M3-split,middle,R4,1.2249660283618917,1.275211857732282,-0.579493149619944,0.029058055365517803,69
M3-split,middle,R8,1.278578564418,1.2952979839451362,-0.04717159174567913,-0.047171591736026655,69
M3-split,middle,R9,1.078938578402433,1.0955265132135552,-0.46719213426198536,-0.467192134254746,69
M3-split,short,R1,0.954296695427029,1.028689780500097,0.06825491363381384,0.2678038272758391,43
M3-split,short,R2,0.904546378901662,0.9258560051426337,0.025452043815359884,0.23004048899388002,43
M3-split,short,R3,0.9028071529394787,0.9235042895189266,0.021996573764946507,0.2233329480779519,43
M3-split,short,R5,0.5383696263644494,0.7800831673639598,-0.1977793379087302,0.012060905996283641,43
M3-split,short,R6,0.5211026259404045,0.7596985487946909,-0.2355426762003418,-0.0307419638221703,43
M3-split,short,R7,0.5180650871219115,0.7577100439846859,-0.24225021711144368,-0.03419743387258368,43
M3-split,short,R4,1.22568670142303,1.5391304074765186,-0.46558316518547427,-0.05619400763541871,43
M3-split,short,R8,1.2850857712271186,1.2927499547112478,-0.04717159174326601,-0.047171591736026655,43
M3-split,short,R9,1.0853942118575652,1.0929983063903739,-0.4671921342643985,-0.467192134254746,43
