structure,scenario,observation,age,statement,predicted,agrees
M3-split,short,E4,24 h (assumed),TMSPA conversion ≥ 0.95,0.269,False
M3-split,short,W1,1 h,reaction stops at BMSPA while most TMSPA remains unreacted (text only),"TMSPA 0.34, BMSPA 0.11, MMSPA 0.19, H3PO4 0.37",False
M3-split,short,W1,1 d,reaction stops at BMSPA while most TMSPA remains unreacted (text only),"TMSPA 0.25, BMSPA 0.10, MMSPA 0.19, H3PO4 0.46",False
M3-split,short,W1,7 d,reaction stops at BMSPA while most TMSPA remains unreacted (text only),"TMSPA 0.25, BMSPA 0.10, MMSPA 0.19, H3PO4 0.46",False
M3-split,short,W5,1 h,H3PO4 and a very weak MMSPA signal (Fig. 1c),"TMSPA 0.04, BMSPA 0.04, MMSPA 0.15, H3PO4 0.77",False
M3-split,short,W5,1 d,H3PO4 and a very weak MMSPA signal (Fig. 1c),"TMSPA 0.04, BMSPA 0.04, MMSPA 0.15, H3PO4 0.77",False
M3-split,short,W5,7 d,H3PO4 and a very weak MMSPA signal (Fig. 1c),"TMSPA 0.04, BMSPA 0.04, MMSPA 0.15, H3PO4 0.77",False
M3-split,middle,E4,24 h (assumed),TMSPA conversion ≥ 0.95,0.911,False
M3-split,middle,W1,1 h,reaction stops at BMSPA while most TMSPA remains unreacted (text only),"TMSPA 1.00, BMSPA 0.00, MMSPA 0.00, H3PO4 0.00",True
M3-split,middle,W1,1 d,reaction stops at BMSPA while most TMSPA remains unreacted (text only),"TMSPA 0.00, BMSPA 0.08, MMSPA 0.41, H3PO4 0.51",False
M3-split,middle,W1,7 d,reaction stops at BMSPA while most TMSPA remains unreacted (text only),"TMSPA 0.00, BMSPA 0.08, MMSPA 0.41, H3PO4 0.51",False
M3-split,middle,W5,1 h,H3PO4 and a very weak MMSPA signal (Fig. 1c),"TMSPA 1.00, BMSPA 0.00, MMSPA 0.00, H3PO4 0.00",False
M3-split,middle,W5,1 d,H3PO4 and a very weak MMSPA signal (Fig. 1c),"TMSPA 0.00, BMSPA 0.01, MMSPA 0.20, H3PO4 0.79",False
M3-split,middle,W5,7 d,H3PO4 and a very weak MMSPA signal (Fig. 1c),"TMSPA 0.00, BMSPA 0.01, MMSPA 0.20, H3PO4 0.79",False
M3-split,long,E4,24 h (assumed),TMSPA conversion ≥ 0.95,0.884,False
M3-split,long,W1,1 h,reaction stops at BMSPA while most TMSPA remains unreacted (text only),"TMSPA 1.00, BMSPA 0.00, MMSPA 0.00, H3PO4 0.00",True
M3-split,long,W1,1 d,reaction stops at BMSPA while most TMSPA remains unreacted (text only),"TMSPA 1.00, BMSPA 0.00, MMSPA 0.00, H3PO4 0.00",True
M3-split,long,W1,7 d,reaction stops at BMSPA while most TMSPA remains unreacted (text only),"TMSPA 0.00, BMSPA 0.09, MMSPA 0.45, H3PO4 0.47",False
M3-split,long,W5,1 h,H3PO4 and a very weak MMSPA signal (Fig. 1c),"TMSPA 1.00, BMSPA 0.00, MMSPA 0.00, H3PO4 0.00",False
M3-split,long,W5,1 d,H3PO4 and a very weak MMSPA signal (Fig. 1c),"TMSPA 0.00, BMSPA 0.07, MMSPA 0.42, H3PO4 0.50",False
M3-split,long,W5,7 d,H3PO4 and a very weak MMSPA signal (Fig. 1c),"TMSPA 0.00, BMSPA 0.01, MMSPA 0.16, H3PO4 0.83",True
M3-split,free,E4,24 h (assumed),TMSPA conversion ≥ 0.95,0.927,False
M3-split,free,W1,1 h,reaction stops at BMSPA while most TMSPA remains unreacted (text only),"TMSPA 0.99, BMSPA 0.01, MMSPA 0.00, H3PO4 0.00",True
M3-split,free,W1,1 d,reaction stops at BMSPA while most TMSPA remains unreacted (text only),"TMSPA 0.73, BMSPA 0.19, MMSPA 0.07, H3PO4 0.01",True
M3-split,free,W1,7 d,reaction stops at BMSPA while most TMSPA remains unreacted (text only),"TMSPA 0.00, BMSPA 0.07, MMSPA 0.41, H3PO4 0.51",False
M3-split,free,W5,1 h,H3PO4 and a very weak MMSPA signal (Fig. 1c),"TMSPA 0.96, BMSPA 0.04, MMSPA 0.00, H3PO4 0.00",False
M3-split,free,W5,1 d,H3PO4 and a very weak MMSPA signal (Fig. 1c),"TMSPA 0.00, BMSPA 0.08, MMSPA 0.38, H3PO4 0.54",False
M3-split,free,W5,7 d,H3PO4 and a very weak MMSPA signal (Fig. 1c),"TMSPA 0.00, BMSPA 0.01, MMSPA 0.22, H3PO4 0.77",False
M1,short,E4,24 h (assumed),TMSPA conversion ≥ 0.95,1.000,True
M1,short,W1,1 h,reaction stops at BMSPA while most TMSPA remains unreacted (text only),"TMSPA 0.00, BMSPA 0.00, MMSPA 0.01, H3PO4 0.99",False
M1,short,W1,1 d,reaction stops at BMSPA while most TMSPA remains unreacted (text only),"TMSPA 0.00, BMSPA 0.00, MMSPA 0.00, H3PO4 1.00",False
M1,short,W1,7 d,reaction stops at BMSPA while most TMSPA remains unreacted (text only),"TMSPA 0.00, BMSPA 0.00, MMSPA 0.00, H3PO4 1.00",False
M1,short,W5,1 h,H3PO4 and a very weak MMSPA signal (Fig. 1c),"TMSPA 0.00, BMSPA 0.00, MMSPA 0.00, H3PO4 1.00",True
M1,short,W5,1 d,H3PO4 and a very weak MMSPA signal (Fig. 1c),"TMSPA 0.00, BMSPA 0.00, MMSPA 0.00, H3PO4 1.00",True
M1,short,W5,7 d,H3PO4 and a very weak MMSPA signal (Fig. 1c),"TMSPA 0.00, BMSPA 0.00, MMSPA 0.00, H3PO4 1.00",True
M1,middle,E4,24 h (assumed),TMSPA conversion ≥ 0.95,1.000,True
M1,middle,W1,1 h,reaction stops at BMSPA while most TMSPA remains unreacted (text only),"TMSPA 1.00, BMSPA 0.00, MMSPA 0.00, H3PO4 0.00",True
M1,middle,W1,1 d,reaction stops at BMSPA while most TMSPA remains unreacted (text only),"TMSPA 0.08, BMSPA 0.92, MMSPA 0.00, H3PO4 0.00",False
M1,middle,W1,7 d,reaction stops at BMSPA while most TMSPA remains unreacted (text only),"TMSPA 0.00, BMSPA 0.00, MMSPA 0.00, H3PO4 1.00",False
M1,middle,W5,1 h,H3PO4 and a very weak MMSPA signal (Fig. 1c),"TMSPA 1.00, BMSPA 0.00, MMSPA 0.00, H3PO4 0.00",False
M1,middle,W5,1 d,H3PO4 and a very weak MMSPA signal (Fig. 1c),"TMSPA 0.00, BMSPA 0.00, MMSPA 0.00, H3PO4 1.00",True
M1,middle,W5,7 d,H3PO4 and a very weak MMSPA signal (Fig. 1c),"TMSPA 0.00, BMSPA 0.00, MMSPA 0.00, H3PO4 1.00",True
M1,long,E4,24 h (assumed),TMSPA conversion ≥ 0.95,1.000,True
M1,long,W1,1 h,reaction stops at BMSPA while most TMSPA remains unreacted (text only),"TMSPA 1.00, BMSPA 0.00, MMSPA 0.00, H3PO4 0.00",True
M1,long,W1,1 d,reaction stops at BMSPA while most TMSPA remains unreacted (text only),"TMSPA 0.99, BMSPA 0.01, MMSPA 0.00, H3PO4 0.00",True
M1,long,W1,7 d,reaction stops at BMSPA while most TMSPA remains unreacted (text only),"TMSPA 0.00, BMSPA 0.69, MMSPA 0.19, H3PO4 0.11",False
M1,long,W5,1 h,H3PO4 and a very weak MMSPA signal (Fig. 1c),"TMSPA 1.00, BMSPA 0.00, MMSPA 0.00, H3PO4 0.00",False
M1,long,W5,1 d,H3PO4 and a very weak MMSPA signal (Fig. 1c),"TMSPA 0.57, BMSPA 0.43, MMSPA 0.00, H3PO4 0.00",False
M1,long,W5,7 d,H3PO4 and a very weak MMSPA signal (Fig. 1c),"TMSPA 0.00, BMSPA 0.00, MMSPA 0.00, H3PO4 1.00",True
M1,free,E4,24 h (assumed),TMSPA conversion ≥ 0.95,1.000,True
M1,free,W1,1 h,reaction stops at BMSPA while most TMSPA remains unreacted (text only),"TMSPA 0.99, BMSPA 0.01, MMSPA 0.00, H3PO4 0.00",True
M1,free,W1,1 d,reaction stops at BMSPA while most TMSPA remains unreacted (text only),"TMSPA 0.75, BMSPA 0.25, MMSPA 0.00, H3PO4 0.00",True
M1,free,W1,7 d,reaction stops at BMSPA while most TMSPA remains unreacted (text only),"TMSPA 0.00, BMSPA 0.07, MMSPA 0.16, H3PO4 0.77",False
M1,free,W5,1 h,H3PO4 and a very weak MMSPA signal (Fig. 1c),"TMSPA 0.95, BMSPA 0.05, MMSPA 0.00, H3PO4 0.00",False
M1,free,W5,1 d,H3PO4 and a very weak MMSPA signal (Fig. 1c),"TMSPA 0.00, BMSPA 0.38, MMSPA 0.26, H3PO4 0.36",False
M1,free,W5,7 d,H3PO4 and a very weak MMSPA signal (Fig. 1c),"TMSPA 0.00, BMSPA 0.00, MMSPA 0.00, H3PO4 1.00",True
