structure,scenario,parameters,co-products,water_mM,water_ppm,chi2,max |z|,TMSPA predicted,BMSPA predicted,MMSPA predicted,H3PO4 predicted,TMSPA measured,BMSPA measured,MMSPA measured,H3PO4 measured
M3-split,short,the fit,none,114.47322515573626,1796.3720829099204,148.94524116082962,9.594895809943086,0.5121005433509532,0.1203835863914768,0.14937730703287325,0.21813856322469685,0.231644252880028,0.687859912612982,0.0415583299784969,0.0343104213930406
M3-split,short,the fit,TMSOH,115.44203737261456,1811.5751770624142,148.94524078854656,9.594890336567728,0.5121206495790716,0.12038391010639792,0.149372245700781,0.21812319461374952,0.231644252880028,0.687859912612982,0.0415583299784969,0.0343104213930406
M3-split,short,the fit,HMDSO,139.55825378360808,2190.0191131635015,148.94524078997352,9.59489087389938,0.5121186750486247,0.12038387832668934,0.14937274275727463,0.21812470386741128,0.231644252880028,0.687859912612982,0.0415583299784969,0.0343104213930406
M3-split,middle,the fit,none,38.2801420004273,600.7114617924198,1.2116762625978024,0.8219100704543947,0.2441425138623712,0.6813597587900487,0.0726573649046382,0.001840362442942133,0.231644252880028,0.687859912612982,0.0415583299784969,0.0343104213930406
M3-split,middle,the fit,TMSOH,14.283844490301577,224.14935408779,1.2116659290752354,0.8220025340534628,0.24432875427136722,0.6812548993187538,0.07257963679784908,0.0018367096120298426,0.231644252880028,0.687859912612982,0.0415583299784969,0.0343104213930406
M3-split,middle,the fit,HMDSO,38.42007931298337,602.907429288672,1.2116773778423102,0.8219068131278725,0.24413596074636446,0.6813634464518392,0.07266010167618192,0.0018404911256143588,0.231644252880028,0.687859912612982,0.0415583299784969,0.0343104213930406
M3-split,middle,fitted with TMSOH 1uM at mixing,none,43.3373559111197,680.0718351383462,3.485706571958574,1.6020219732815726,0.22951442870543018,0.6492842928593063,0.11460425395343797,0.0065970244818255325,0.231644252880028,0.687859912612982,0.0415583299784969,0.0343104213930406
M3-split,middle,fitted with TMSOH 1uM at mixing,TMSOH,14.352967557598145,225.2340684234587,1.132739117177986,0.816911939233934,0.24209894281758595,0.6847072674126771,0.07115597310254011,0.0020378166671968195,0.231644252880028,0.687859912612982,0.0415583299784969,0.0343104213930406
M3-split,middle,fitted with TMSOH 1uM at mixing,HMDSO,39.458485936981994,619.2026342811241,1.431142700442916,0.8544231881767178,0.24003019759601107,0.6767266760455841,0.08051667904417086,0.00272644731423396,0.231644252880028,0.687859912612982,0.0415583299784969,0.0343104213930406
M3-split,middle,fitted with TMSOH 1mM at mixing,none,38.15836718256866,598.8005094024168,1.010548989022412,0.8095126809006338,0.24017099213088103,0.6898798944551551,0.06761898453049708,0.0023301288834669514,0.231644252880028,0.687859912612982,0.0415583299784969,0.0343104213930406
M3-split,middle,fitted with TMSOH 1mM at mixing,TMSOH,12.788849212429907,200.68912766718188,0.8764795091965455,0.830637618997424,0.24285200070425775,0.6997781782327774,0.055874245751691996,0.0014955753112729205,0.231644252880028,0.687859912612982,0.0415583299784969,0.0343104213930406
M3-split,middle,fitted with TMSOH 1mM at mixing,HMDSO,37.037887243182524,581.2173681933216,0.8807283830235667,0.8290796866901338,0.24248184071862508,0.6990590309489328,0.05690200595455409,0.0015571223778881483,0.231644252880028,0.687859912612982,0.0415583299784969,0.0343104213930406
M3-split,long,the fit,none,41.22513225685331,646.9257470446101,1.3310254294756003,0.8264037189875019,0.2450143354489223,0.6778804114513958,0.07544241498454173,0.0016628381151402507,0.231644252880028,0.687859912612982,0.0415583299784969,0.0343104213930406
M3-split,long,the fit,TMSOH,16.087578638548806,252.45446792112958,1.331026916120484,0.8264759310370561,0.2451761426701456,0.6777911587861286,0.07537271320967462,0.0016599853340511488,0.231644252880028,0.687859912612982,0.0415583299784969,0.0343104213930406
M3-split,long,the fit,HMDSO,41.8311134004099,656.4351114184532,1.3310256808053609,0.8263981521952559,0.24500180139547362,0.6778873492850525,0.07544779128480858,0.0016630580346653756,0.231644252880028,0.687859912612982,0.0415583299784969,0.0343104213930406
M3-split,long,fitted with TMSOH 1uM at mixing,none,39.91100769724009,626.3038359458016,1.047195387100517,0.8276127864729173,0.24331594686435193,0.6880868427808379,0.06698213718858267,0.0016150731662275515,0.231644252880028,0.687859912612982,0.0415583299784969,0.0343104213930406
M3-split,long,fitted with TMSOH 1uM at mixing,TMSOH,14.048206885907623,220.45160892824552,1.0470731662785058,0.8276805532189445,0.24345366036216665,0.6880109449604255,0.06692299867784055,0.0016123959995672827,0.231644252880028,0.687859912612982,0.0415583299784969,0.0343104213930406
M3-split,long,fitted with TMSOH 1uM at mixing,HMDSO,39.860238061760704,625.5071329987971,1.0471400889116431,0.8276128138784478,0.24330853695962273,0.6880938904136817,0.06698250054314017,0.0016150720835553425,0.231644252880028,0.687859912612982,0.0415583299784969,0.0343104213930406
M3-split,long,fitted with TMSOH 1mM at mixing,none,86.05771100559859,1350.4613795869848,1.1361028697316675,0.8172478163106023,0.242581344933569,0.6843031400374988,0.0710909673906371,0.0020245476382951817,0.231644252880028,0.687859912612982,0.0415583299784969,0.0343104213930406
M3-split,long,fitted with TMSOH 1mM at mixing,TMSOH,22.53927147519945,353.69771395968473,0.9799848704000695,0.827381816367769,0.24304656348229292,0.6912912252961205,0.06403801344039262,0.00162419778119392,0.231644252880028,0.687859912612982,0.0415583299784969,0.0343104213930406
M3-split,long,fitted with TMSOH 1mM at mixing,HMDSO,75.7253966220068,1188.3214461197322,1.034978855756912,0.8234115591984646,0.24290418054825344,0.6884060375550107,0.06690873668299599,0.0017810452137397815,0.231644252880028,0.687859912612982,0.0415583299784969,0.0343104213930406
M3-split,free,the fit,none,139.4663249566368,2188.576519245481,62.01003786922664,5.964886946054289,0.31820402568146333,0.3350752448560134,0.2517358373993949,0.09498489206312834,0.231644252880028,0.687859912612982,0.0415583299784969,0.0343104213930406
M3-split,free,the fit,TMSOH,39.09036191737915,613.4258448968513,27.903505619032195,3.9147352534123305,0.32571632633213654,0.45632852095012455,0.18012627607536946,0.037828876642369315,0.231644252880028,0.687859912612982,0.0415583299784969,0.0343104213930406
M3-split,free,the fit,HMDSO,134.05295070838844,2103.6270967000155,56.79596829935621,5.645162150291082,0.31317675974995285,0.3539849085038047,0.2501141351988744,0.08272419654736803,0.231644252880028,0.687859912612982,0.0415583299784969,0.0343104213930406
M3-split,free,fitted with TMSOH 1uM at mixing,none,139.4663249566368,2188.576519245481,62.01003786922664,5.964886946054289,0.31820402568146333,0.3350752448560134,0.2517358373993949,0.09498489206312834,0.231644252880028,0.687859912612982,0.0415583299784969,0.0343104213930406
M3-split,free,fitted with TMSOH 1uM at mixing,TMSOH,39.09036191737915,613.4258448968513,27.903505619032195,3.9147352534123305,0.32571632633213654,0.45632852095012455,0.18012627607536946,0.037828876642369315,0.231644252880028,0.687859912612982,0.0415583299784969,0.0343104213930406
M3-split,free,fitted with TMSOH 1uM at mixing,HMDSO,134.05295070838844,2103.6270967000155,56.79596829935621,5.645162150291082,0.31317675974995285,0.3539849085038047,0.2501141351988744,0.08272419654736803,0.231644252880028,0.687859912612982,0.0415583299784969,0.0343104213930406
M3-split,free,fitted with TMSOH 1mM at mixing,none,146.0685837461042,2292.182522810163,64.067082654865,6.076737814586834,0.31984020345410924,0.3284599859499441,0.25339865770060155,0.09830115289534505,0.231644252880028,0.687859912612982,0.0415583299784969,0.0343104213930406
M3-split,free,fitted with TMSOH 1mM at mixing,TMSOH,39.67407281399319,622.5857332265568,28.621450100407028,3.975493831344703,0.32863870926793476,0.45273504215947674,0.18031999356091483,0.03830625501167347,0.231644252880028,0.687859912612982,0.0415583299784969,0.0343104213930406
M3-split,free,fitted with TMSOH 1mM at mixing,HMDSO,140.32454786684292,2202.0441897397,58.814803190184726,5.7605256835611724,0.31486450544935046,0.34716189808901715,0.25207203315931215,0.08590156330232017,0.231644252880028,0.687859912612982,0.0415583299784969,0.0343104213930406
M1,short,the fit,none,40.87644585677735,641.4539826740803,0.02002529506909194,0.10351846241038866,0.2345873883237701,0.6911829447485698,0.04400880557009951,0.030220861357560566,0.231644252880028,0.687859912612982,0.0415583299784969,0.0343104213930406
M1,short,the fit,TMSOH,15.877646295443682,249.16010279827347,0.05725649064598694,0.17663913597205363,0.23725783193699954,0.6947956126329005,0.040614370907592214,0.027332184522507835,0.231644252880028,0.687859912612982,0.0415583299784969,0.0343104213930406
M1,short,the fit,HMDSO,40.0,627.7003484320558,0.05696558643931363,0.17637773845547597,0.23720667245962304,0.6948065778963035,0.04064423845314065,0.027342511190932756,0.231644252880028,0.687859912612982,0.0415583299784969,0.0343104213930406
M1,middle,the fit,none,78.68720473672045,1234.7996457595984,2.6365898302981186,0.9108727031367325,0.2662519463391964,0.7337219474471143,2.6104245110850517e-05,1.9685786104185907e-09,0.231644252880028,0.687859912612982,0.0415583299784969,0.0343104213930406
M1,middle,the fit,TMSOH,6.6343600530216955,104.10975292263575,2.6377868871361043,0.9112718550170434,0.2664015115517273,0.7335905837815313,7.904483565799166e-06,1.8317547142978476e-10,0.231644252880028,0.687859912612982,0.0415583299784969,0.0343104213930406
M1,middle,the fit,HMDSO,31.183698183427346,489.3504553784352,2.6377789327209333,0.9112682201761005,0.2664418889443379,0.7335500406466601,8.070218068574324e-06,1.9093349148794615e-10,0.231644252880028,0.687859912612982,0.0415583299784969,0.0343104213930406
M1,long,the fit,none,460.4462735683847,7225.557158827917,2.637771703387111,0.9112670885919115,0.2663736832614931,0.7336181947313084,8.121813873144747e-06,1.9332537385161703e-10,0.231644252880028,0.687859912612982,0.0415583299784969,0.0343104213930406
M1,long,the fit,TMSOH,18.135129690818783,284.5856806446867,2.6377869254776485,0.9112721211124211,0.2663540633875917,0.7336380440791469,7.892350659356032e-06,1.826020096361633e-10,0.231644252880028,0.687859912612982,0.0415583299784969,0.0343104213930406
M1,long,the fit,HMDSO,107.52690226831137,1687.3668504909665,2.6377847090612137,0.9112713647892082,0.2663808370864994,0.7336112358932667,7.926836033983138e-06,1.8419989211845496e-10,0.231644252880028,0.687859912612982,0.0415583299784969,0.0343104213930406
M1,free,the fit,none,181.8198273275358,2853.209224133761,2.612206367189801,0.9043579831879865,0.2662637231612773,0.7333445872015832,0.00032314994487697056,6.853969226255745e-05,0.231644252880028,0.687859912612982,0.0415583299784969,0.0343104213930406
M1,free,the fit,TMSOH,22.796766899129302,357.7384631426955,2.636625856659417,0.9108867557060502,0.2663984710538809,0.7335760635317117,2.5463503019199624e-05,1.911388166910572e-09,0.231644252880028,0.687859912612982,0.0415583299784969,0.0343104213930406
M1,free,the fit,HMDSO,115.44795980627993,1811.6681149042968,2.6319482734360773,0.909334769400295,0.2662922804606647,0.7336114632540038,9.622799663480058e-05,2.828869654433971e-08,0.231644252880028,0.687859912612982,0.0415583299784969,0.0343104213930406
