structure,scenario,reaction,T_K,dG_barrier_eV,dG_rxn_eV,k_f
M0-BEP,short,R1,295.65,1.2785752974850841,-0.4744841790745109,9.873152140094826e-10
M0-BEP,short,R2,295.65,1.2785752974850841,-0.15799999301256196,9.873152140094826e-10
M0-BEP,short,R3,295.65,1.2785752974850841,-0.17746062342214775,9.873152140094826e-10
M0-BEP,short,R5,295.65,1.2785752974850841,-0.3728631167139969,9.873152140094826e-10
M0-BEP,short,R6,295.65,1.2785752974850841,-0.05637893064239547,9.873152140094826e-10
M0-BEP,short,R7,295.65,1.2785752974850841,-0.07583956106163375,9.873152140094826e-10
M0-BEP,short,R4,353.15,1.3293858286659443,0.10162106236172057,7.856283753198609e-07
M0-BEP,short,R8,353.15,1.2785752974850841,-0.04717159174085289,4.1718682778091975e-06
M0-BEP,short,R9,353.15,1.2785752974850841,-0.467192134254746,4.1718682778091975e-06
M0-BEP,middle,R1,295.65,1.2782657915036995,-0.4744841790745109,9.993826432436429e-10
M0-BEP,middle,R2,295.65,1.2782657915036995,-0.15799999301256196,9.993826432436429e-10
M0-BEP,middle,R3,295.65,1.2782657915036995,-0.17746062342214775,9.993826432436429e-10
M0-BEP,middle,R5,295.65,1.2782657915036995,-0.3728631167139969,9.993826432436429e-10
M0-BEP,middle,R6,295.65,1.2782657915036995,-0.05637893064239547,9.993826432436429e-10
M0-BEP,middle,R7,295.65,1.2782657915036995,-0.07583956106163375,9.993826432436429e-10
M0-BEP,middle,R4,353.15,1.3290763226845597,0.10162106236172057,7.936592795764362e-07
M0-BEP,middle,R8,353.15,1.2782657915036995,-0.04717159174085289,4.214514235825304e-06
M0-BEP,middle,R9,353.15,1.2782657915036995,-0.467192134254746,4.214514235825304e-06
M0-BEP,long,R1,295.65,1.2762163004961582,-0.4744841790745109,1.0830994008250154e-09
M0-BEP,long,R2,295.65,1.2762163004961582,-0.15799999301256196,1.0830994008250154e-09
M0-BEP,long,R3,295.65,1.2762163004961582,-0.17746062342214775,1.0830994008250154e-09
M0-BEP,long,R5,295.65,1.2762163004961582,-0.3728631167139969,1.0830994008250154e-09
M0-BEP,long,R6,295.65,1.2762163004961582,-0.05637893064239547,1.0830994008250154e-09
M0-BEP,long,R7,295.65,1.2762163004961582,-0.07583956106163375,1.0830994008250154e-09
M0-BEP,long,R4,353.15,1.3270268316770184,0.10162106236172057,8.489502427245637e-07
M0-BEP,long,R8,353.15,1.2762163004961582,-0.04717159174085289,4.508122031130914e-06
M0-BEP,long,R9,353.15,1.2762163004961582,-0.467192134254746,4.508122031130914e-06
M0-BEP,free,R1,295.65,1.2761908107723592,-0.4744841790745109,1.0841835772149733e-09
M0-BEP,free,R2,295.65,1.2761908107723592,-0.15799999301256196,1.0841835772149733e-09
M0-BEP,free,R3,295.65,1.2761908107723592,-0.17746062342214775,1.0841835772149733e-09
M0-BEP,free,R5,295.65,1.2761908107723592,-0.3728631167139969,1.0841835772149733e-09
M0-BEP,free,R6,295.65,1.2761908107723592,-0.05637893064239547,1.0841835772149733e-09
M0-BEP,free,R7,295.65,1.2761908107723592,-0.07583956106163375,1.0841835772149733e-09
M0-BEP,free,R4,353.15,1.3270013419532194,0.10162106236172057,8.496616153690788e-07
M0-BEP,free,R8,353.15,1.2761908107723592,-0.04717159174085289,4.511899584313257e-06
M0-BEP,free,R9,353.15,1.2761908107723592,-0.467192134254746,4.511899584313257e-06
M0-Marcus,short,R1,295.65,1.2413923405241027,-0.4744841790745109,4.249057886852632e-09
M0-Marcus,short,R2,295.65,1.3911182839584697,-0.15799999301256196,1.1912399464031852e-11
M0-Marcus,short,R3,295.65,1.3816657097896887,-0.17746062342214775,1.726362243703488e-11
M0-Marcus,short,R5,295.65,1.2885394510951964,-0.3728631167139969,6.677325438568068e-10
M0-Marcus,short,R6,295.65,1.4410019694793659,-0.05637893064239547,1.6813584078778467e-12
M0-Marcus,short,R7,295.65,1.4313811231584477,-0.07583956106163375,2.452795952996125e-12
M0-Marcus,short,R4,353.15,1.5203060837065985,0.10162106236172057,1.4811804387740763e-09
M0-Marcus,short,R8,353.15,1.4455650761205612,-0.04717159174085289,1.7267580837447474e-08
M0-Marcus,short,R9,353.15,1.2447462218869259,-0.467192134254746,1.2679522133653083e-05
M0-Marcus,middle,R1,295.65,1.23997416655311,-0.4744841790745109,4.4922866092235e-09
M0-Marcus,middle,R2,295.65,1.3896918267477738,-0.15799999301256196,1.2598396050274792e-11
M0-Marcus,middle,R3,295.65,1.380239522724033,-0.17746062342214775,1.8257585066046558e-11
M0-Marcus,middle,R5,295.65,1.287117713895224,-0.3728631167139969,7.060542841442685e-10
M0-Marcus,middle,R6,295.65,1.4395746107714946,-0.05637893064239547,1.7782453260032634e-12
M0-Marcus,middle,R7,295.65,1.4299538709255784,-0.07583956106163375,2.5941254941225108e-12
M0-Marcus,middle,R4,353.15,1.5188790207990754,0.10162106236172057,1.552292216143094e-09
M0-Marcus,middle,R8,353.15,1.4441376779592412,-0.04717159174085289,1.809680030471979e-08
M0-Marcus,middle,R9,353.15,1.2433277637647104,-0.467192134254746,1.3284511825089078e-05
M0-Marcus,long,R1,295.65,1.232004860188723,-0.4744841790745109,6.1420834232371e-09
M0-Marcus,long,R2,295.65,1.3816756700946735,-0.15799999301256196,1.7256874532923015e-11
M0-Marcus,long,R3,295.65,1.3722248940205741,-0.17746062342214775,2.5007148396933853e-11
M0-Marcus,long,R5,295.65,1.279128253785148,-0.3728631167139969,9.66117383019139e-10
M0-Marcus,long,R6,295.65,1.431553355219359,-0.05637893064239547,2.4362703428638873e-12
M0-Marcus,long,R7,295.65,1.4219332175997166,-0.07583956106163375,3.553976228713086e-12
M0-Marcus,long,R4,353.15,1.5108594383038847,0.10162106236172057,2.0203209310899806e-09
M0-Marcus,long,R8,353.15,1.4361161992570401,-0.04717159174085289,2.3554600253716252e-08
M0-Marcus,long,R9,353.15,1.2353568502312333,-0.467192134254746,1.726227106751944e-05
M0-Marcus,free,R1,295.65,1.2320051939939738,-0.4744841790745109,6.142002949298483e-09
M0-Marcus,free,R2,295.65,1.381676005873169,-0.15799999301256196,1.7256647095782507e-11
M0-Marcus,free,R3,295.65,1.3722252297347153,-0.17746062342214775,2.5006818878152456e-11
M0-Marcus,free,R5,295.65,1.279128588439236,-0.3728631167139969,9.661046927040203e-10
M0-Marcus,free,R6,295.65,1.4315536912126106,-0.05637893064239547,2.436238213480018e-12
M0-Marcus,free,R7,295.65,1.4219335535676036,-0.07583956106163375,3.553929362630777e-12
M0-Marcus,free,R4,353.15,1.5108597742266703,0.10162106236172057,2.0202986300390413e-09
M0-Marcus,free,R8,353.15,1.4361165352596899,-0.04717159174085289,2.3554340187497565e-08
M0-Marcus,free,R9,353.15,1.2353571841041753,-0.467192134254746,1.7262081682913775e-05
M1,short,R1,295.65,0.7174350891733128,-0.4744841790745109,3.6299053792293945
M1,short,R2,295.65,0.8623637228750582,-0.15799999301256196,0.012285106574901354
M1,short,R3,295.65,0.8530676055369245,-0.17746062342214775,0.01769475599428137
M1,short,R5,295.65,0.8426987050167765,-0.3728631167139969,0.026582593838904333
M1,short,R6,295.65,0.9926217877987482,-0.05637893064239547,7.395089482752171e-05
M1,short,R7,295.65,0.9830490400335292,-0.07583956106163375,0.00010767742110557892
M1,short,R4,353.15,1.1760336586396427,0.10162106236172057,0.0001212536781736386
M1,short,R8,353.15,1.2826620745017556,-0.04717159174085289,3.6476107543156962e-06
M1,short,R9,353.15,1.0829896642594594,-0.467192134254746,0.0025794021427409447
M1,middle,R1,295.65,1.1826234087438012,-0.4744841790745109,4.2667122945437066e-08
M1,middle,R2,295.65,1.3319919412728063,-0.15799999301256196,1.2130886554198637e-10
M1,middle,R3,295.65,1.3225510235074276,-0.17746062342214775,1.757221555531738e-10
M1,middle,R5,295.65,0.6338080692320839,-0.3728631167139969,96.7025158330245
M1,middle,R6,295.65,0.7815616381267576,-0.05637893064239547,0.2929316688645631
M1,middle,R7,295.65,0.7720299823602718,-0.07583956106163375,0.425840600810262
M1,middle,R4,353.15,1.0832995134217385,0.10162106236172057,0.002553272814689948
M1,middle,R8,353.15,1.2815658269587766,-0.04717159174085289,3.7814029364317187e-06
M1,middle,R9,353.15,1.0819021013050847,-0.467192134254746,0.0026732500817434656
M1,long,R1,295.65,1.1702211224280492,-0.4744841790745109,6.942375709962245e-08
M1,long,R2,295.65,1.3195103329438571,-0.15799999301256196,1.9799738422826926e-10
M1,long,R3,295.65,1.3100720021431478,-0.17746062342214775,2.8678031337880026e-10
M1,long,R5,295.65,0.5267602278143667,-0.3728631167139969,6459.8394867900115
M1,long,R6,295.65,0.6728867268014013,-0.05637893064239547,20.858641475536704
M1,long,R7,295.65,0.6633858887932043,-0.07583956106163375,30.285965729581143
M1,long,R4,353.15,1.1426988722273497,0.10162106236172057,0.0003625878563759674
M1,long,R8,353.15,1.2819202072189377,-0.04717159174085289,3.7376241048446733e-06
M1,long,R9,353.15,1.0822536725317193,-0.467192134254746,0.0026425446926698916
M1,free,R1,295.65,1.088592222388113,-0.4744841790745109,1.7099750075716933e-06
M1,free,R2,295.65,1.237321450380021,-0.15799999301256196,4.985248454366915e-09
M1,free,R3,295.65,1.22790138254247,-0.17746062342214775,7.215482394023164e-09
M1,free,R5,295.65,0.7276337530454942,-0.3728631167139969,2.432452984334022
M1,free,R6,295.65,0.8764884365990588,-0.05637893064239547,0.007056720711311206
M1,free,R7,295.65,0.8669359250074808,-0.07583956106163375,0.010266896570330508
M1,free,R4,353.15,1.1549052036793688,0.10162106236172057,0.00024278261161722405
M1,free,R8,353.15,1.2822579485914818,-0.04717159174085289,3.6963725736189132e-06
M1,free,R9,353.15,1.0825887381799657,-0.467192134254746,0.002613609159335404
M1-split,short,R1,295.65,0.9147758099014832,-0.4744841790745109,0.0015701449648103404
M1-split,short,R2,295.65,0.8511409319043088,-0.15799999301256196,0.019084794720482252
M1-split,short,R3,295.65,0.841850072347144,-0.17746062342214775,0.027482960670627242
M1-split,short,R5,295.65,1.319350275125018,-0.3728631167139969,1.9924520007461426e-10
M1-split,short,R6,295.65,1.4719319799979145,-0.05637893064239547,4.993601937720408e-13
M1-split,short,R7,295.65,1.4623088762076744,-0.07583956106163375,7.285402033239944e-13
M1-split,short,R4,353.15,1.179488840889841,0.10162106236172057,0.00010823962148102519
M1-split,short,R8,353.15,1.2827571183027586,-0.04717159174085289,3.6362365197783534e-06
M1-split,short,R9,353.15,1.083083955800253,-0.467192134254746,0.002571422433831611
M1-split,middle,R1,295.65,1.2307285455791057,-0.4744841790745109,6.4576175940945115e-09
M1-split,middle,R2,295.65,0.9628901506155738,-0.15799999301256196,0.0002375537123612311
M1-split,middle,R3,295.65,0.953552012390369,-0.17746062342214775,0.0003427234159543077
M1-split,middle,R5,295.65,0.8101012598058074,-0.3728631167139969,0.09555810991524165
M1-split,middle,R6,295.65,0.9597474100265498,-0.05637893064239547,0.00026874125532250583
M1-split,middle,R7,295.65,0.950179907543475,-0.07583956106163375,0.00039122458653075
M1-split,middle,R4,353.15,1.180996552665809,0.10162106236172057,0.00010300773051121544
M1-split,middle,R8,353.15,1.2828068309982434,-0.04717159174085289,3.630301356628589e-06
M1-split,middle,R9,353.15,1.0831332750693652,-0.467192134254746,0.0025672584782070592
M1-split,long,R1,295.65,1.1750877174196694,-0.4744841790745109,5.735219227743467e-08
M1-split,long,R2,295.65,1.0291721614624911,-0.15799999301256196,1.7615294342631438e-05
M1-split,long,R3,295.65,1.0198105045951467,-0.17746062342214775,2.543740294193559e-05
M1-split,long,R5,295.65,0.857000976069352,-0.3728631167139969,0.015163331772003373
M1-split,long,R6,295.65,1.0070399653071125,-0.05637893064239547,4.1991841786137816e-05
M1-split,long,R7,295.65,0.9974650221985206,-0.07583956106163375,6.114818324172918e-05
M1-split,long,R4,353.15,1.265699964763962,0.10162106236172057,6.369033489058462e-06
M1-split,long,R8,353.15,1.2857473148909584,-0.04717159174085289,3.2959395996138353e-06
M1-split,long,R9,353.15,1.0860505411248074,-0.467192134254746,0.002332585132822463
M1-split,free,R1,295.65,1.0870383013394118,-0.4744841790745109,1.8175173921465936e-06
M1-split,free,R2,295.65,1.0447226117746038,-0.15799999301256196,9.5677579747749e-06
M1-split,free,R3,295.65,1.0353558405463341,-0.17746062342214775,1.3819114892974655e-05
M1-split,free,R5,295.65,0.85836888181416,-0.3728631167139969,0.014370660268781104
M1-split,free,R6,295.65,1.0084187862637926,-0.05637893064239547,3.977964866902568e-05
M1-split,free,R7,295.65,0.9988436364140154,-0.07583956106163375,5.7927275430618406e-05
M1-split,free,R4,353.15,1.3130039289835174,0.10162106236172057,1.3458667689950008e-06
M1-split,free,R8,353.15,1.2840720373704526,-0.04717159174085289,3.4824669945654293e-06
M1-split,free,R9,353.15,1.0843884786666824,-0.467192134254746,0.0024635233144440806
M3,short,R1,295.65,0.9486875175036417,0.14922422437368993,0.00041482609515594413
M3,short,R2,295.65,0.9265369462522643,0.10648873597247469,0.0009895877653723897
M3,short,R3,295.65,0.9246401926065243,0.10280566751557117,0.0010660736350192519
M3,short,R5,295.65,0.6118714606587805,-0.07427382547886575,228.75928010736297
M3,short,R6,295.65,0.591291580014934,-0.11700931388490723,513.088518484146
M3,short,R7,295.65,0.5895344234942571,-0.12069238234181076,549.72507720488
M3,short,R4,353.15,1.2390956100144959,-0.22349804985677865,1.526660119277912e-05
M3,short,R8,353.15,1.2868822513216005,-0.04717159173843977,3.175284536401421e-06
M3,short,R9,353.15,1.0871765440560128,-0.46719213425957223,0.0022478555350532348
M3,middle,R1,295.65,1.2672149489043516,-0.31621594098487715,1.5420883655248927e-09
M3,middle,R2,295.65,1.306623505045442,-0.23339443284021671,3.2834765036439165e-10
M3,middle,R3,295.65,1.3164765905287181,-0.21288299472889627,2.2303547341860734e-10
M3,middle,R5,295.65,0.5943445977692363,-0.1371717303620283,455.1444287530059
M3,middle,R6,295.65,0.634255872223667,-0.05435022221736784,95.01765955844759
M3,middle,R7,295.65,0.6443405939089818,-0.03383878410604739,63.958134375071616
M3,middle,R4,353.15,1.144826555735307,0.17904421062284887,0.00033810316551102234
M3,middle,R8,353.15,1.2838949194770641,-0.04717159174085289,3.5027943920248762e-06
M3,middle,R9,353.15,1.0842127599059077,-0.46719213426198536,0.002477789147821582
M3,long,R1,295.65,1.5900291115685636,-0.22292596548306529,4.844834784365678e-15
M3,long,R2,295.65,1.6278193923971438,-0.14524199262993256,1.0992322132843515e-15
M3,long,R3,295.65,1.695528789300914,-0.008276810648655075,7.707005831992608e-17
M3,long,R5,295.65,0.7341206017465011,-0.10606926689998665,1.885674886244794
M3,long,R6,295.65,0.7721323163568371,-0.028385294046853932,0.42413355841889105
M3,long,R7,295.65,0.841488016620082,0.10857988793442357,0.027876309352955934
M3,long,R4,353.15,1.0973081776972287,0.1168566985842852,0.0016113154950686656
M3,long,R8,353.15,1.2814786436267227,-0.04717159173843977,3.7922516080324387e-06
M3,long,R9,353.15,1.081815609272751,-0.4671921342571591,0.002680858614210957
M3,free,R1,295.65,1.5430021086242,-0.2876667020687471,3.0684684996782145e-14
M3,free,R2,295.65,1.5819735523587821,-0.2067539092205244,6.646569177781098e-15
M3,free,R3,295.65,1.6802748977017805,-0.006981352860777255,1.4025234864957432e-16
M3,free,R5,295.65,0.5458812139568014,-0.11227232541012336,3049.8403102852344
M3,free,R6,295.65,0.5851284439084434,-0.031359532561900647,653.5093246997188
M3,free,R7,295.65,0.6878634046460542,0.1684130237978465,11.587428579132634
M3,free,R4,353.15,1.0983515899076004,0.1753943766574172,0.0015570054152815815
M3,free,R8,353.15,1.284013606198378,-0.04717159173843977,3.4891599280308565e-06
M3,free,R9,353.15,1.0843305090251882,-0.4671921342571591,0.002468220512772944
M3-split,short,R1,295.65,0.9703511564911667,0.149484320561026,0.0001772467489688953
M3-split,short,R2,295.65,0.91714462743157,0.10720729816101408,0.0014307371675276372
M3-split,short,R3,295.65,0.9150122003875771,0.10306854123732181,0.0015556437053634924
M3-split,short,R5,295.65,0.6127570849247945,-0.07487600549203584,220.94388471255698
M3-split,short,R6,295.65,0.5923996043056707,-0.11715302788239529,491.2521154910767
M3-split,short,R7,295.65,0.5904251670068625,-0.12129178480608754,530.8374429729932
M3-split,short,R4,353.15,1.2401491424349909,-0.2243603260473307,1.4747128873733928e-05
M3-split,short,R8,353.15,1.2869297271647397,-0.04717159174326601,3.170334772124343e-06
M3-split,short,R9,353.15,1.0872236465403053,-0.4671921342571591,0.0022443790204678565
M3-split,middle,R1,295.65,1.4493012698910366,-0.08842277567782725,1.21391093616984e-12
M3-split,middle,R2,295.65,0.9477446232083186,-0.005459195953123937,0.00043046619719612315
M3-split,middle,R3,295.65,0.9660708357478595,0.031070191085868983,0.0002096729873084168
M3-split,middle,R5,295.65,0.5766682461934289,-0.14344787989923669,910.8943115856346
M3-split,middle,R6,295.65,0.6165141608266105,-0.06048430018418585,190.6501887617197
M3-split,middle,R7,295.65,0.6344806159969442,-0.02395491313554046,94.1831581138431
M3-split,middle,R4,353.15,1.2406192703470418,-0.05502510422171108,1.4521059802370869e-05
M3-split,middle,R8,353.15,1.2869653212063459,-0.04717159174085289,3.166628849281889e-06
M3-split,middle,R9,353.15,1.087258960676617,-0.46719213425957223,0.002241776101000114
M3-split,long,R1,295.65,1.3910597956826127,-0.11693802139205166,1.1939778357944888e-11
M3-split,long,R2,295.65,1.006735119507221,-0.03528109351394394,4.249731159948135e-05
M3-split,long,R3,295.65,1.0272357837662913,0.00586793626611886,1.9006328833680802e-05
M3-split,long,R5,295.65,0.6058186583824873,-0.10340542705578756,290.1064703566378
M3-split,long,R6,295.65,0.6456741946770028,-0.02174849917767985,60.6963603954732
M3-split,long,R7,295.65,0.6662395115303416,0.019400530592730475,27.0767998808824
M3-split,long,R4,353.15,1.2391993388885643,0.013532594331437853,1.5214653055247763e-05
M3-split,long,R8,353.15,1.2869361770123067,-0.04717159174326601,3.169662915732134e-06
M3-split,long,R9,353.15,1.0872300456655897,-0.46719213425957223,0.0022439071323368752
M3-split,free,R1,295.65,1.088204068797013,-0.0411497655746082,1.736226567585935e-06
M3-split,free,R2,295.65,1.0374655018986532,0.052597416850691595,1.2720905453198957e-05
M3-split,free,R3,295.65,1.0569142836365442,0.09081727119810269,5.929057364950483e-06
M3-split,free,R5,295.65,0.8877003776955867,-0.22214161591801934,0.004544428936160676
M3-split,free,R6,295.65,0.9325111840490523,-0.1283944334878933,0.0007827352051350521
M3-split,free,R7,295.65,0.951096737838549,-0.09017457913565596,0.00037739613939684064
M3-split,free,R4,353.15,1.2405434788015972,-0.1809918503391882,1.4557269750049366e-05
M3-split,free,R8,353.15,1.2867817488920685,-0.04717159173843977,3.185788287891094e-06
M3-split,free,R9,353.15,1.0870768320939772,-0.4671921342571591,0.0022552327976805104
