structure,scenario,g all reactions,log10 age 2 % H2O,g hydrolysis,g transfer,g condensation,g solvent_attack,g hydrolysis_R1,g hydrolysis_R23,dG R1,dG R2,dG R3,dG R4
M0-BEP,short,1.2785752974850841,,,,,,,,,,,
M0-BEP,middle,1.2782657915036995,,,,,,,,,,,
M0-BEP,long,1.2762163004961582,,,,,,,,,,,
M0-BEP,free,1.2761908107723592,2.225309281280801,,,,,,,,,,
M0-Marcus,short,1.4690562041074027,,,,,,,,,,,
M0-Marcus,middle,1.4676287138672899,,,,,,,,,,,
M0-Marcus,long,1.4596067143642706,,,,,,,,,,,
M0-Marcus,free,1.4596070503888559,2.225309281280801,,,,,,,,,,
M1,short,,,0.9397033551254407,1.0206166046222886,1.1246492351734951,1.3061413945784528,,,,,,
M1,middle,,,1.4098852875602612,0.8095056925872376,1.031863485235746,1.3050450575877182,,,,,,
M1,long,,,1.3973937867283825,0.7007927110223404,1.0912969094075315,1.3053994667797904,,,,,,
M1,free,,2.2253092767251443,1.315135066946163,0.9044582549794717,1.1035097864126149,1.3057372357112143,,,,,,
M1-split,short,,,,1.4999890033556516,1.1281061760451239,1.306236446127432,1.1396714000341035,0.9284604585018166,,,,
M1-split,middle,,,,0.9877357471721777,1.129614651842507,1.30628616287505,1.4583219065339015,1.0403904699265145,,,,
M1-split,long,,,,1.035037494114026,1.2143579366494204,1.3092268859021126,1.402295579891121,1.1067624156067288,,,,
M1-split,free,,2.225309281280861,,1.0364165704652213,1.2616818365666829,1.307551472271801,1.3135683849980992,1.122332423136239,,,,
M3,short,,,0.8724802496421364,0.648476684935137,1.3485295494897762,1.3103619143429608,,,0.6237084034535378,0.2644887289853104,0.28026629093601807,-0.32511911222152123
M3,middle,,,1.4209247042312014,0.6611517408309089,1.0534024690885049,1.3073743399678777,,,0.15826823808630142,-0.07539443983029936,-0.03542237130529968,0.0774231482623241
M3,long,,,1.699664675540319,0.7862609161837846,1.038057650561891,1.3049578671343371,,,0.2515582135903678,0.012758000379726964,0.16918381277164762,0.01523563622239199
M3,free,,2.225309281395475,1.683763764967755,0.6007058909536714,1.0087483769903547,1.3074930363449284,,,0.18681747701097184,-0.04875391621257452,0.1704792705626732,0.07377331429686329
M3-split,short,,,,0.6496557235126579,1.3499988610896405,1.3104093940339727,0.8940468883962025,0.8627083240475594,0.6239684996319008,0.26520729117123665,0.2805291646632102,-0.3259813884120806
M3-split,middle,,,,0.646402588773218,1.2679825813455214,1.3104449909572708,1.493185396490449,0.9504722614472281,0.3860614034067851,0.15254079705421342,0.2085308145076482,-0.15664616659018882
M3-split,long,,,,0.656503414300444,1.23242375458091,1.310415844403947,1.4489389566137176,1.0242997146444093,0.3575461576904688,0.12271889949933468,0.18332855968412676,-0.08808846803547865
M3-split,free,,2.225309281280801,,0.9956736031885252,1.3294994423489,1.310261403771944,1.1086834947195474,1.010995768508024,0.4333344134997841,0.2105974098605099,0.2682778946209501,-0.2826129127008501
