structure,scenario,parameters,residuals,chi2,max |z|,worst,fits,AICc,at bounds
M0-BEP,short,1,45,3634.1584252545013,60.09394772155165,2 % H2O: TMSPA (mean of 6 spectra),False,3636.251448510315,—
M0-BEP,middle,1,45,3633.6073610317585,60.08731438578751,2 % H2O: TMSPA (mean of 6 spectra),False,3635.7003842875724,—
M0-BEP,long,1,45,3630.0372620293565,60.04173000233821,2 % H2O: TMSPA (mean of 6 spectra),False,3632.1302852851704,—
M0-BEP,free,2,45,3630.1752996169394,60.04156864155114,2 % H2O: TMSPA (mean of 6 spectra),False,3634.4610139026536,log10 age 2 % H2O
M0-Marcus,short,1,45,3689.6556593846058,59.767310996156745,2 % H2O: TMSPA (mean of 6 spectra),False,3691.7486826404197,—
M0-Marcus,middle,1,45,3687.4075309727546,59.72111615333778,2 % H2O: TMSPA (mean of 6 spectra),False,3689.5005542285685,—
M0-Marcus,long,1,45,3670.486983967836,59.36208530267565,2 % H2O: TMSPA (mean of 6 spectra),False,3672.58000722365,—
M0-Marcus,free,2,45,3670.487623115782,59.36209547367625,2 % H2O: TMSPA (mean of 6 spectra),False,3674.773337401496,log10 age 2 % H2O
M1,short,4,45,1066.936193561585,20.11357291453675,0.5 % H2O: H3PO4,False,1075.936193561585,—
M1,middle,4,45,342.6801351407151,16.064183208859635,2 % H2O: MMSPA (mean of 6 spectra),False,351.6801351407151,—
M1,long,4,45,320.4765891869291,15.985956434281244,2 % H2O: MMSPA (mean of 6 spectra),False,329.4765891869291,—
M1,free,5,45,300.61958758776944,15.96522204375658,2 % H2O: MMSPA (mean of 6 spectra),False,312.158049126231,log10 age 2 % H2O
M1-split,short,5,45,1020.9807884035565,20.094900989487087,TMSPa + TMSOH (A): TMSPA,False,1032.519249942018,g transfer
M1-split,middle,5,45,301.2953541317636,15.985956049592987,2 % H2O: MMSPA (mean of 6 spectra),False,312.83381567022514,—
M1-split,long,5,45,290.59330135606814,15.427617342352649,2 % H2O: MMSPA (mean of 6 spectra),False,302.1317628945297,—
M1-split,free,6,45,281.9065176083432,15.045868104687772,2 % H2O: MMSPA (mean of 6 spectra),False,296.1170439241327,log10 age 2 % H2O
M3,short,8,49,536.4752894133807,11.648106508635864,TMSPa + TMSOH (A): TMSPA,False,556.0752894133807,—
M3,middle,8,49,294.0314364325631,16.098065226767368,2 % H2O: MMSPA (mean of 6 spectra),False,313.63143643256313,—
M3,long,8,49,59.94593029110237,4.111753041603621,"TMSOH, probe: HMDSO",False,79.54593029110237,g hydrolysis
M3,free,9,49,27.114053377508434,3.061266078130329,2 % H2O: BMSPA (mean of 6 spectra),False,49.72943799289305,"g transfer, log10 age 2 % H2O"
M3-split,short,9,49,534.6427321770582,11.58780171617818,TMSPa + TMSOH (A): TMSPA,False,557.2581167924428,—
M3-split,middle,9,49,20.383151543795485,1.9341058096331263,"2 % H2O: TMSPA drift, spectrum 4",True,42.9985361591801,—
M3-split,long,9,49,19.84001982079943,1.9339823052683718,"2 % H2O: TMSPA drift, spectrum 4",True,42.45540443618404,—
M3-split,free,10,49,18.588309707511808,1.9339841477694077,"2 % H2O: TMSPA drift, spectrum 4",True,44.37778339172234,log10 age 2 % H2O
