scenario,question,fitted,data,chi2,max |z|,worst,within 3 SE,chi2 of the reference fit,water fraction
middle,equilibrium or exhausted water,M3-split+W,lab,20.3810152788899,1.9341052583138154,"2 % H2O: TMSPA drift, spectrum 4",True,20.383151543795485,0.9986951057686381
middle,equilibrium or exhausted water,M1-split+W,lab,82.12050705947352,7.112161625242851,2 % H2O: MMSPA (mean of 6 spectra),False,20.383151543795485,0.20617004111446807
middle,equilibrium or exhausted water,M1-split+W,made by M3-split,67.80714530861779,6.856532896522388,2 % H2O: MMSPA (mean of 6 spectra),False,0.0,0.20551474950436843
middle,equilibrium or exhausted water,M3-split,made by M1-split+W,11.252036842968312,1.5588982902342596,"TMSOH, probe: HMDSO",True,0.0,
middle,Marcus or Agmon–Levine,M3-split (agmon_levine),lab,20.378413481475278,1.9341031649670613,"2 % H2O: TMSPA drift, spectrum 4",True,20.383151543795485,
middle,one hydrolysis barrier or two,M3,made by M3-split,282.0982163157566,15.902702479812913,2 % H2O: MMSPA (mean of 6 spectra),False,0.0,
middle,one hydrolysis barrier or two,M3,lab,294.0314364325631,16.098065226767368,2 % H2O: MMSPA (mean of 6 spectra),False,20.383151543795485,
free,equilibrium or exhausted water,M3-split+W,lab,18.208708765003724,1.9339811824719637,"2 % H2O: TMSPA drift, spectrum 4",True,18.588309707511808,0.6916692329927292
free,equilibrium or exhausted water,M1-split+W,lab,78.69127830968652,7.070620465553206,2 % H2O: MMSPA (mean of 6 spectra),False,18.588309707511808,0.20744467693027213
free,equilibrium or exhausted water,M1-split+W,made by M3-split,65.44151111644744,6.891230026851249,2 % H2O: MMSPA (mean of 6 spectra),False,0.0,0.2056693029238364
free,equilibrium or exhausted water,M3-split,made by M1-split+W,5.034044411346663,1.568784977263532,"TMSOH, probe: HMDSO",True,0.0,
free,Marcus or Agmon–Levine,M3-split (agmon_levine),lab,18.551342642203117,1.9339595999824353,"2 % H2O: TMSPA drift, spectrum 4",True,18.588309707511808,
free,one hydrolysis barrier or two,M3,made by M3-split,21.293820679677292,2.9538337544308826,2 % H2O: BMSPA (mean of 6 spectra),True,0.0,
free,one hydrolysis barrier or two,M3,lab,27.114053377508434,3.061266078130329,2 % H2O: BMSPA (mean of 6 spectra),False,18.588309707511808,
