parameter,best,low,high,status,grid_low,grid_high,separate ranges,lower than fit,structure,scenario,tag
g condensation,1.103509786412615,1.0936260593380582,1.1084354689947782,interval,1.003509786,1.403509786,False,False,M1,free,
g hydrolysis,1.315135066946163,1.3051354107882183,1.3654884339017,interval,1.015135067,1.615135067,False,False,M1,free,
g solvent_attack,1.305737235711214,1.2935278435722013,1.3207448607218957,interval,1.105737236,1.505737236,False,False,M1,free,
g transfer,0.904458254979472,,1.0091267190806033,upper bound only,0.604458255,1.204458255,False,False,M1,free,
log10 age 2 % H2O,2.225309282,2.0967713858922203,,lower bound only,0.0,2.225309282,False,False,M1,free,
g condensation,1.091296909407532,1.0807055228060134,1.0919658140625326,interval,1.016296909,1.391296909,False,False,M1,long,
g hydrolysis,1.397393786728383,1.3870548889020056,1.4160237982820305,interval,1.097393787,1.697393787,False,False,M1,long,
g solvent_attack,1.30539946677979,1.2935909619294887,1.3217237796617805,interval,1.105399467,1.505399467,False,False,M1,long,
g transfer,0.600792711,,0.9634301884113579,upper bound only,0.600792711,1.000792711,False,False,M1,long,
g condensation,1.031863485235746,1.0194014576438628,1.0359886613847018,interval,1.006863485,1.331863485,False,False,M1,middle,
g hydrolysis,1.409885287560261,1.3865047603225027,1.4687410108578391,interval,1.109885288,1.609885288,False,False,M1,middle,
g solvent_attack,1.305045057587718,1.292924297785068,1.3199315168417165,interval,1.105045058,1.505045058,False,False,M1,middle,
g transfer,0.609505693,,0.9522921612061132,upper bound only,0.609505693,1.109505693,False,False,M1,middle,
g condensation,1.124649235173495,1.099801911866388,1.2089022619226069,interval,1.024649235,1.424649235,False,False,M1,short,
g hydrolysis,0.939703355125441,,0.9898681864441403,upper bound only,0.839703355,1.239703355,False,False,M1,short,
g solvent_attack,1.306141394578453,1.2941123263168197,1.3226070096681966,interval,1.106141395,1.506141395,False,False,M1,short,
g transfer,1.020616604622289,1.015582033761965,1.0254166393285502,interval,0.720616605,1.320616605,False,False,M1,short,
water fraction,0.208333333,0.19806056244931403,,lower bound only,0.05,1.0,False,True,M3-split+W,free,
water fraction,0.208333333,0.19956608344794438,,lower bound only,0.05,1.0,False,True,M3-split+W,middle,
dG R1,0.433334413499784,0.31279983590982896,0.6518881911821471,interval,-0.089828653,0.694915947,False,False,M3-split,free,
dG R2,0.21059740986051,0.0994445267162383,0.4156095327328683,interval,-0.280735354,0.701930173,False,False,M3-split,free,
dG R3,0.26827789462095,0.18136822688728282,0.4712284842271801,interval,-0.214398586,0.509616135,False,False,M3-split,free,
dG R4,-0.28261291270085,,-0.07686193431640553,upper bound only,-0.61894555,0.390052361,False,False,M3-split,free,
g condensation,1.3294994423489,1.2150305264812766,1.5315036570326552,interval,1.029499442,1.629499442,False,False,M3-split,free,
g hydrolysis_R1,1.108683494719547,0.997573427756593,1.1745659393460544,interval,0.808683495,1.408683495,False,False,M3-split,free,
g hydrolysis_R23,1.010995768508024,0.8907775486351476,1.0476451233989854,interval,0.860995769,1.310995769,False,False,M3-split,free,
g solvent_attack,1.310261403771944,1.2978276848495702,1.325208916145933,interval,1.160261404,1.460261404,False,False,M3-split,free,
g transfer,0.995673603188525,,1.0667070934750194,upper bound only,0.695673603,1.295673603,False,False,M3-split,free,
log10 age 2 % H2O,2.225309281302495,1.6957438471334638,,lower bound only,0.0,2.225309281662991,False,False,M3-split,free,
dG R1,0.357546157690469,0.2952305060439835,0.6580401764378105,interval,-0.103813995,0.680930604,False,False,M3-split,long,
dG R2,0.122718899499335,0.08295045248428815,0.3973130927312559,interval,-0.304118354,0.678547173,False,False,M3-split,long,
dG R3,0.183328559684127,0.17399948554339764,0.48316730482686265,interval,-0.240895033,0.724457928,False,False,M3-split,long,
dG R4,-0.088088468035479,,-0.04906975967626046,upper bound only,-0.564636908,0.444361003,True,False,M3-split,long,
g condensation,1.23242375458091,1.201474697514881,1.5179443881378567,interval,1.001436071,1.601436071,False,False,M3-split,long,
g hydrolysis_R1,1.445291683,,,not determined,1.120291683,1.570291683,False,False,M3-split,long,
g hydrolysis_R23,1.024224153,0.8896106723899283,1.0286423370095412,interval,0.824224153,1.274224153,True,False,M3-split,long,
g solvent_attack,1.310224526409334,1.296785879128434,1.326774926459125,interval,1.160253055,1.460253055,False,False,M3-split,long,
g transfer,0.64183206118061,,0.9141204018798379,upper bound only,0.610263166,1.060263166,False,False,M3-split,long,
dG R1,0.386061403406785,0.34189102315456577,,lower bound only,-0.137101663,0.647642937,False,False,M3-split,middle,
dG R2,0.152540797054213,0.12964381895781288,0.2705517040470696,interval,-0.338791967,0.643873561,False,False,M3-split,middle,
dG R3,0.208530814507648,0.17879827754251462,0.45092960832805146,interval,-0.274145666,0.691207295,False,False,M3-split,middle,
dG R4,-0.156646166590189,,-0.0638330030376317,upper bound only,-0.492978804,0.516019107,False,False,M3-split,middle,
g condensation,1.267982581345521,1.20970691524099,1.3492858160899843,interval,1.117982581,1.567982581,False,False,M3-split,middle,
g hydrolysis_R1,1.543185396,1.2177891972322676,,lower bound only,1.193185396,1.643185396,False,False,M3-split,middle,
g hydrolysis_R23,0.950472261447228,0.9004019882679497,0.978387427729303,interval,0.800472261,1.250472261,False,False,M3-split,middle,
g solvent_attack,1.310444990957271,1.298192646300689,1.3255101229066406,interval,1.160444991,1.460444991,False,False,M3-split,middle,
g transfer,0.671402589,,0.8398502607269784,upper bound only,0.621402589,0.946402589,False,False,M3-split,middle,
g hydrolysis_R23,0.950472261447228,0.9049532290460536,0.9783880104047182,interval,0.800472261,1.250472261,False,False,M3-split,middle,rtol1e-8
g solvent_attack,1.310444990957271,1.2981908764036507,1.3255088057550473,interval,1.160444991,1.460444991,False,False,M3-split,middle,rtol1e-8
dG R1,0.689363883,0.5573771663481366,,lower bound only,0.100805433,0.689363883,False,True,M3-split,short,
dG R2,0.326623887,0.20229980625968932,0.3819336993712373,interval,-0.226125472,0.633706864,False,True,M3-split,short,
dG R3,0.28052916466321,0.2078404781225774,0.38505046862443587,interval,-0.202147316,0.642536525,False,False,M3-split,short,
dG R4,-0.325981388412081,-0.5729016121154648,-0.1483125756396173,interval,-0.662314025,0.346683886,False,False,M3-split,short,
g condensation,1.399998861,1.267972682574586,1.515130430280034,interval,1.049998861,1.649998861,False,True,M3-split,short,
g hydrolysis_R1,0.869046888,0.8328589748918319,0.9718407355321822,interval,0.819046888,1.194046888,True,True,M3-split,short,
g hydrolysis_R23,0.862708324047559,0.8196680385024342,0.8987282748120149,interval,0.812708324,1.162708324,False,False,M3-split,short,
g solvent_attack,1.310409394033973,1.2975645998797887,1.3272788556307367,interval,1.110409394,1.510409394,False,False,M3-split,short,
g transfer,0.624655724,,0.7787744462816879,upper bound only,0.624655724,0.949655724,False,True,M3-split,short,
