left out,chi2,max |z|,worst,fits,evaluations,g hydrolysis_R1,g hydrolysis_R23,g transfer,g condensation,g solvent_attack,dG R1,dG R2,dG R3,dG R4,log10 age 2 % H2O,dG‡ R1,dG‡ R2,dG‡ R3,dG‡ R5,dG‡ R6,dG‡ R7,dG‡ R4,dG‡ R8,dG‡ R9,structure,scenario
0.5 % H2O,16.83507344879559,1.93390396272004,"2 % H2O: TMSPA drift, spectrum 4",True,1525,0.945809228440119,1.010018299455354,0.994296550817716,1.343428687543018,1.310269687317343,0.442356591330514,0.223988332022636,0.282521519507222,-0.311190035259648,2.22530928128081,0.929813642158785,1.043281923294049,1.063231766801339,0.877120290389519,0.923802087110416,0.94272904917303,1.240687441035205,1.286790031765247,1.087085049816641,M3-split,free
2 % H2O,2.437957324565053,0.784756193466808,0.5 % H2O: MMSPA,True,1778,1.259296618327056,1.339651548500275,0.987311555461213,1.123061068346403,1.306310909571052,0.122575088211223,-0.099098829787606,0.032560837785262,0.003328135268003,,1.089488361546479,1.214185952291276,1.268181199014694,0.867692420846729,0.912702181289851,0.967437296528382,1.176148631051917,1.282831575677396,1.083157823929142,M3-split,free
TMSPa + TMSOH (A),14.76818086893435,1.934182715702764,"2 % H2O: TMSPA drift, spectrum 4",True,1558,1.286574907070826,1.042803230628502,1.013600515530354,1.122936041703128,1.306349819120898,0.066353920862962,0.116300963066709,0.172696688674677,0.001755638506861,2.225308578733864,1.090601529306617,1.022057930492688,1.040422623473634,0.86695052032468,1.044673919189748,1.063506523240822,1.175219191280138,1.282870482057475,1.083196422433222,M3-split,free
"TMSOH, probe",15.206953761079179,1.933973459429567,"2 % H2O: TMSPA drift, spectrum 4",True,1184,1.107086865588276,1.009538542963815,0.994127304780067,1.334858897054076,1.310371373349494,0.436452955098463,0.213807851187069,0.271484293057568,-0.289081289932907,2.225309281280801,1.088152907874254,1.037635290161541,1.05709768541655,0.884578251764351,0.929390791038409,0.947957898574914,1.24277415085354,1.286891709560811,1.087185927911111,M3-split,free
"TMSOH, glovebox",16.124893497201203,1.93387485547685,"2 % H2O: TMSPA drift, spectrum 4",True,1305,1.101070998994379,1.003635237309508,0.98826341316971,1.2809299728541,1.303939007996886,0.448806962214784,0.226379107590728,0.284086920706711,-0.314490748638311,2.225309281280801,1.088269815460692,1.038115967572619,1.057656385162718,0.872588738016795,0.917338468959009,0.935855575524667,1.176706096762525,1.280459867759352,1.080804918429672,M3-split,free
E1,18.588309707511804,1.933984147769408,"2 % H2O: TMSPA drift, spectrum 4",True,1162,1.108683494719547,1.010995768508024,0.995673603188525,1.3294994423489,1.310261403771944,0.433334413499784,0.21059740986051,0.26827789462095,-0.28261291270085,2.225309281280801,1.088204068797013,1.037465501898653,1.056914283636544,0.887700377695587,0.932511184049052,0.951096737838549,1.240543478801597,1.286781748892069,1.087076832093977,M3-split,free
0.5 % H2O,17.313206653232957,1.933745502290988,"2 % H2O: TMSPA drift, spectrum 4",True,1888,0.986390327243026,1.009690854115076,0.994581701845158,1.342742696988177,1.310221886503942,0.454446790107283,0.226223205397893,0.28262109747932,-0.311549235792352,,0.97639707254546,1.044090568711474,1.062955627730873,0.88292218708815,0.924991076933732,0.94288760638072,1.239829907877331,1.286742234825357,1.087037628843333,M3-split,long
2 % H2O,2.092965279264917,0.785460560710282,0.5 % H2O: MMSPA,True,2078,1.316976723084758,1.69999999982,1.10994967550559,1.132629959671271,1.306659756616611,0.122118242462176,-0.100142091720719,0.032234124607589,0.004649020661553,,1.146686121320641,1.57337885950962,1.628162145116907,0.990311991676486,1.035312444396674,1.090556922069251,1.186388181910358,1.283180394300143,1.083503882946176,M3-split,long
TMSPa + TMSOH (A),17.41622069700201,1.934182730376104,"2 % H2O: TMSPA drift, spectrum 4",True,2148,1.497259539525346,0.96139044021521,0.716996974627562,1.34594318610771,1.310239340921078,0.19345405769605,0.229806575169038,0.285997719640576,-0.318207687669953,,1.360041248992798,0.997628934938844,1.016424825799737,0.489773631917418,0.646434127857023,0.663989883549383,1.239828167771743,1.286759687827293,1.087054944560143,M3-split,long
"TMSOH, probe",17.9177376614227,1.934229133357607,"2 % H2O: TMSPA drift, spectrum 4",True,1838,1.422564151030046,0.973419743855492,0.759869149522124,1.30544496949493,1.310424498400948,0.420071432004005,0.187980218571136,0.242586460835317,-0.229986620805962,,1.395487857172648,0.98846756644694,1.006254986931328,0.671227830796851,0.711472645961501,0.728578232347047,1.242051083954917,1.286944830309635,1.087238630912448,M3-split,long
"TMSOH, glovebox",18.682255271283914,1.956573852417121,computed energies: ΔG_rxn(R1) − computed,True,1868,1.201115434566084,0.974255752493284,0.61607428797141,1.341264219806707,1.305760023066664,0.511803587996473,0.281721280176106,0.336373077150136,-0.42002727139799,,1.219847610112194,1.037098360824767,1.055332008792863,0.483546336572453,0.522576961819194,0.538908091178758,1.186785320279591,1.282280734087008,1.082611343207284,M3-split,long
E1,20.82549030484764,1.934215943995887,"2 % H2O: TMSPA drift, spectrum 4",True,1818,1.426405801674578,0.971313729922628,0.755294078988892,1.306115761050736,1.310260646555375,0.422890084642696,0.191091293964542,0.24582603209721,-0.236721020329479,,1.400725391613445,0.987929841297649,1.005797175731595,0.664831249670096,0.705150819567753,0.722295328025435,1.239439173195382,1.286780991738036,1.087076080894346,M3-split,long
0.5 % H2O,19.43300380296109,1.934090754972609,"2 % H2O: TMSPA drift, spectrum 4",True,1448,1.521943592341282,0.938320836778486,0.773810354549492,1.262168531813699,1.310500219171859,0.38114350348204,0.14725451224936,0.20366177963229,-0.145135037409855,,1.475631040540573,0.932955787356107,0.951467141552674,0.706895770312598,0.74691841816057,0.765178154366674,1.24050530485098,1.287020544947281,1.08731375018258,M3-split,middle
2 % H2O,2.341624309272367,0.78453672348174,0.5 % H2O: MMSPA,True,1618,1.277735042178338,1.69999999982,1.060861021830511,1.124301584542012,1.306346535415214,0.122620231721147,-0.099425522082322,0.032744872434994,0.00349945025419,,1.107859108744357,1.573723561973154,1.628412074639462,0.941076150505793,0.986075147165984,1.041155767647501,1.177476128996298,1.282867198619391,1.083193164979016,M3-split,middle
TMSPa + TMSOH (A),17.215624672703363,1.934182729841072,"2 % H2O: TMSPA drift, spectrum 4",True,1778,1.483365134882514,0.953921413921838,0.686017522638313,1.300147398071863,1.310308536414594,0.11471961522099,0.182369175594928,0.2387465549041,-0.22208400039841,,1.308936270088015,0.966144914151755,0.98481046685065,0.466914391497871,0.638811914411678,0.656748063517378,1.240613509549462,1.286828877715563,1.087123590227325,M3-split,middle
"TMSOH, probe",17.05162324024471,1.934103231989377,"2 % H2O: TMSPA drift, spectrum 4",True,1778,1.495251529054541,0.950815167857377,0.647176180701386,1.269091356512993,1.310568672303334,0.384991098784336,0.151390866193979,0.207453179306962,-0.154135624743983,,1.450839757477976,0.947513475705932,0.965870576206911,0.578119874895893,0.617951919085207,0.63596416341637,1.24296988997918,1.287088992537046,1.087381659603828,M3-split,middle
"TMSOH, glovebox",18.134212570683,1.934151651106032,"2 % H2O: TMSPA drift, spectrum 4",True,1778,1.379927541109086,0.946693873908222,0.690939978856812,1.233760733039515,1.31027393310927,0.411170048596847,0.17926916891992,0.234476634444756,-0.213303557618319,,1.348452037901937,0.957358327500527,0.9754164964149,0.606211788938697,0.646472761883572,0.663877059110526,1.17855134312631,1.286794277214434,1.087089261871528,M3-split,middle
E1,20.37883295612711,1.934103072098876,"2 % H2O: TMSPA drift, spectrum 4",True,1778,1.494758807067585,0.95042317259354,0.650983946000138,1.266819568769659,1.310454320206838,0.38509273191321,0.151496401192762,0.207552022471755,-0.154366140801964,,1.450397202220689,0.947174158123383,0.965528417456927,0.581855323187952,0.621696639622906,0.63970637683728,1.240584284855939,1.286974649700391,1.087268215816137,M3-split,middle
