structure,scenario,dS (J/mol/K),hold T (°C),TMSPA left
M3-split,short,-150.0,20.0,0.1297058642630224
M3-split,short,-150.0,30.0,0.1296559778798226
M3-split,short,-150.0,40.0,0.12955162821283436
M3-split,short,-150.0,50.0,0.12930272719591115
M3-split,short,-150.0,60.0,0.1286944576792546
M3-split,short,-150.0,70.0,0.12724285455302745
M3-split,short,-150.0,80.0,0.12391742728323323
M3-split,short,-100.0,20.0,0.12971137604424118
M3-split,short,-100.0,30.0,0.12967477701821017
M3-split,short,-100.0,40.0,0.12961068374697704
M3-split,short,-100.0,50.0,0.12945510086333992
M3-split,short,-100.0,60.0,0.12902058671450797
M3-split,short,-100.0,70.0,0.12779398422168264
M3-split,short,-100.0,80.0,0.12446112100843758
M3-split,short,-50.0,20.0,0.12971295875264865
M3-split,short,-50.0,30.0,0.12967658166275026
M3-split,short,-50.0,40.0,0.1296270113216619
M3-split,short,-50.0,50.0,0.12952126819889553
M3-split,short,-50.0,60.0,0.12920502170270984
M3-split,short,-50.0,70.0,0.1281655112510115
M3-split,short,-50.0,80.0,0.12482528196424285
M3-split,short,0.0,20.0,0.12971341267110478
M3-split,short,0.0,30.0,0.12967159713258633
M3-split,short,0.0,40.0,0.12962397480017893
M3-split,short,0.0,50.0,0.12954273499879287
M3-split,short,0.0,60.0,0.12930576756284923
M3-split,short,0.0,70.0,0.12842125567278326
M3-split,short,0.0,80.0,0.12507342520187892
M3-split,short,50.0,20.0,0.12971354268080226
M3-split,short,50.0,30.0,0.1296632559979881
M3-split,short,50.0,40.0,0.12961097118191067
M3-split,short,50.0,50.0,0.12953912355229236
M3-split,short,50.0,60.0,0.1293538015766762
M3-split,short,50.0,70.0,0.12859698811196554
M3-split,short,50.0,80.0,0.12524102079296667
M3-split,middle,-150.0,20.0,0.999989381281019
M3-split,middle,-150.0,30.0,0.0001460187928988976
M3-split,middle,-150.0,40.0,0.00013952737559984817
M3-split,middle,-150.0,50.0,0.0001302208543628399
M3-split,middle,-150.0,60.0,0.00011432364842015935
M3-split,middle,-150.0,70.0,8.646557433881672e-05
M3-split,middle,-150.0,80.0,4.410386285472956e-05
M3-split,middle,-100.0,20.0,0.9999926477812324
M3-split,middle,-100.0,30.0,0.00014573642123313303
M3-split,middle,-100.0,40.0,0.00014057294702296205
M3-split,middle,-100.0,50.0,0.00013354858450176021
M3-split,middle,-100.0,60.0,0.00012111703741074873
M3-split,middle,-100.0,70.0,9.60940568794901e-05
M3-split,middle,-100.0,80.0,5.040344094700523e-05
M3-split,middle,-50.0,20.0,0.9999947382521794
M3-split,middle,-50.0,30.0,0.00014557747346349544
M3-split,middle,-50.0,40.0,0.00014090851112746197
M3-split,middle,-50.0,50.0,0.0001351570274238273
M3-split,middle,-50.0,60.0,0.00012523974206184825
M3-split,middle,-50.0,70.0,0.00010306884663215843
M3-split,middle,-50.0,80.0,5.509678854069628e-05
M3-split,middle,0.0,20.0,0.9999961352544146
M3-split,middle,0.0,30.0,0.00014543346965291456
M3-split,middle,0.0,40.0,0.00014090523831478683
M3-split,middle,0.0,50.0,0.00013583495400736002
M3-split,middle,0.0,60.0,0.00012768978332916526
M3-split,middle,0.0,70.0,0.00010815409068683248
M3-split,middle,0.0,80.0,5.859061862316198e-05
M3-split,middle,50.0,20.0,0.9999971003924221
M3-split,middle,50.0,30.0,0.00014528510109645284
M3-split,middle,50.0,40.0,0.00014074500179152237
M3-split,middle,50.0,50.0,0.00013601357200296215
M3-split,middle,50.0,60.0,0.00012909155370919122
M3-split,middle,50.0,70.0,0.00011188984596326186
M3-split,middle,50.0,80.0,6.119965510463584e-05
M3-split,long,-150.0,20.0,0.9999989666316462
M3-split,long,-150.0,30.0,0.999984358068857
M3-split,long,-150.0,40.0,0.952888848671692
M3-split,long,-150.0,50.0,0.00018447940967851703
M3-split,long,-150.0,60.0,8.714216864245818e-05
M3-split,long,-150.0,70.0,4.06751439114549e-05
M3-split,long,-150.0,80.0,5.407552564799609e-06
M3-split,long,-100.0,20.0,0.9999990481288645
M3-split,long,-100.0,30.0,0.9999778469026644
M3-split,long,-100.0,40.0,0.03263508601273836
M3-split,long,-100.0,50.0,0.00011284409600552393
M3-split,long,-100.0,60.0,8.9308244838179e-05
M3-split,long,-100.0,70.0,4.7566190491614634e-05
M3-split,long,-100.0,80.0,6.515918498201227e-06
M3-split,long,-50.0,20.0,0.9999991194988027
M3-split,long,-50.0,30.0,0.9999644170777865
M3-split,long,-50.0,40.0,0.0007476484133416732
M3-split,long,-50.0,50.0,0.00010933645777689174
M3-split,long,-50.0,60.0,9.512440421642698e-05
M3-split,long,-50.0,70.0,5.683295320073323e-05
M3-split,long,-50.0,80.0,8.191185105125087e-06
M3-split,long,0.0,20.0,0.9999991837939177
M3-split,long,0.0,30.0,0.9999326245058898
M3-split,long,0.0,40.0,0.00018419831576521974
M3-split,long,0.0,50.0,0.00011036417861272464
M3-split,long,0.0,60.0,0.00010057111774483645
M3-split,long,0.0,70.0,6.601565466331523e-05
M3-split,long,0.0,80.0,9.987170995360574e-06
M3-split,long,50.0,20.0,0.9999992422926005
M3-split,long,50.0,30.0,0.9998409092822252
M3-split,long,50.0,40.0,0.00012033815580649202
M3-split,long,50.0,50.0,0.00011133921443897371
M3-split,long,50.0,60.0,0.00010476735370308931
M3-split,long,50.0,70.0,7.420266881515296e-05
M3-split,long,50.0,80.0,1.1690330486875645e-05
M3-split,free,-150.0,20.0,0.8987765167708185
M3-split,free,-150.0,30.0,0.6197874265717579
M3-split,free,-150.0,40.0,0.0892504159250677
M3-split,free,-150.0,50.0,0.00020458181510679552
M3-split,free,-150.0,60.0,0.00016152673711446435
M3-split,free,-150.0,70.0,0.0001808371012761532
M3-split,free,-150.0,80.0,0.0001948888974120722
M3-split,free,-100.0,20.0,0.9044257544411145
M3-split,free,-100.0,30.0,0.5812321611597572
M3-split,free,-100.0,40.0,0.014590191744623834
M3-split,free,-100.0,50.0,0.0001442081738926041
M3-split,free,-100.0,60.0,0.00016106738294362338
M3-split,free,-100.0,70.0,0.00018093637595554922
M3-split,free,-100.0,80.0,0.00019428781978009466
M3-split,free,-50.0,20.0,0.9097596318797432
M3-split,free,-50.0,30.0,0.5346576017884526
M3-split,free,-50.0,40.0,0.0008900940552353
M3-split,free,-50.0,50.0,0.00014063091680238126
M3-split,free,-50.0,60.0,0.0001619180672234378
M3-split,free,-50.0,70.0,0.00018248900863353706
M3-split,free,-50.0,80.0,0.00019578602919793716
M3-split,free,0.0,20.0,0.9147891601759343
M3-split,free,0.0,30.0,0.47905953496960635
M3-split,free,0.0,40.0,0.0001774045749467433
M3-split,free,0.0,50.0,0.00014115734466449352
M3-split,free,0.0,60.0,0.00016302227310566373
M3-split,free,0.0,70.0,0.00018439387926632984
M3-split,free,0.0,80.0,0.00019788280390462253
M3-split,free,50.0,20.0,0.9195307412690564
M3-split,free,50.0,30.0,0.413770571999752
M3-split,free,50.0,40.0,0.00012966584774785794
M3-split,free,50.0,50.0,0.00014179876780107898
M3-split,free,50.0,60.0,0.00016413460467870584
M3-split,free,50.0,70.0,0.00018629147235391238
M3-split,free,50.0,80.0,0.00020005775925065758
M1,short,-150.0,20.0,4.330264808909146e-15
M1,short,-150.0,30.0,3.948426816386889e-15
M1,short,-150.0,40.0,3.2968650025795744e-15
M1,short,-150.0,50.0,2.1859105520717467e-15
M1,short,-150.0,60.0,-4.5358106880617544e-12
M1,short,-150.0,70.0,-9.182220471876104e-13
M1,short,-150.0,80.0,1.4769315006785304e-18
M1,short,-100.0,20.0,4.5626967585770475e-15
M1,short,-100.0,30.0,4.264717322700405e-15
M1,short,-100.0,40.0,3.839664669795054e-15
M1,short,-100.0,50.0,3.019956419720753e-15
M1,short,-100.0,60.0,1.5916579872528805e-15
M1,short,-100.0,70.0,-2.642878104801541e-11
M1,short,-100.0,80.0,-1.4442433160890547e-12
M1,short,-50.0,20.0,4.6801577646568356e-15
M1,short,-50.0,30.0,4.492902144448615e-15
M1,short,-50.0,40.0,4.133856290153928e-15
M1,short,-50.0,50.0,3.5420777289792777e-15
M1,short,-50.0,60.0,2.264711880607927e-15
M1,short,-50.0,70.0,-5.932307796754708e-12
M1,short,-50.0,80.0,-2.391794942692057e-12
M1,short,0.0,20.0,4.721983203614467e-15
M1,short,0.0,30.0,4.620966087537991e-15
M1,short,0.0,40.0,4.332359979730523e-15
M1,short,0.0,50.0,3.850483305347093e-15
M1,short,0.0,60.0,2.8066008821595128e-15
M1,short,0.0,70.0,8.719093313670005e-16
M1,short,0.0,80.0,-4.516705327760042e-13
M1,short,50.0,20.0,4.7351978757713605e-15
M1,short,50.0,30.0,4.673302714330388e-15
M1,short,50.0,40.0,4.440372910855424e-15
M1,short,50.0,50.0,4.028060063537946e-15
M1,short,50.0,60.0,3.213392612436213e-15
M1,short,50.0,70.0,1.2094854347790267e-15
M1,short,50.0,80.0,-5.819428732486195e-13
M1,middle,-150.0,20.0,4.2883244071403006e-15
M1,middle,-150.0,30.0,3.991158087791143e-15
M1,middle,-150.0,40.0,3.3433538270913624e-15
M1,middle,-150.0,50.0,2.1942759654882065e-15
M1,middle,-150.0,60.0,8.366535566571574e-16
M1,middle,-150.0,70.0,9.956886202942109e-17
M1,middle,-150.0,80.0,-2.1883727660726608e-12
M1,middle,-100.0,20.0,4.376420673004998e-15
M1,middle,-100.0,30.0,4.467519188381679e-15
M1,middle,-100.0,40.0,4.3275895102733986e-15
M1,middle,-100.0,50.0,3.597934706766307e-15
M1,middle,-100.0,60.0,1.9769419968437302e-15
M1,middle,-100.0,70.0,3.7207414929813723e-16
M1,middle,-100.0,80.0,-1.7627139309019003e-12
M1,middle,-50.0,20.0,1.208589562991096e-06
M1,middle,-50.0,30.0,5.392181532551219e-15
M1,middle,-50.0,40.0,6.405249208893863e-15
M1,middle,-50.0,50.0,6.888040443771025e-15
M1,middle,-50.0,60.0,5.4052131438084914e-15
M1,middle,-50.0,70.0,1.6067420491965718e-15
M1,middle,-50.0,80.0,-2.0577852551314017e-13
M1,middle,0.0,20.0,0.9895917265504647
M1,middle,0.0,30.0,6.562938684450652e-13
M1,middle,0.0,40.0,8.174929803840914e-15
M1,middle,0.0,50.0,1.018398163030209e-14
M1,middle,0.0,60.0,9.912810713853419e-15
M1,middle,0.0,70.0,3.992644993274075e-15
M1,middle,0.0,80.0,-3.4158585222934546e-14
M1,middle,50.0,20.0,0.9971662276057757
M1,middle,50.0,30.0,0.8209075974890298
M1,middle,50.0,40.0,9.566087849350671e-15
M1,middle,50.0,50.0,1.1904190363526506e-14
M1,middle,50.0,60.0,1.306974307471526e-14
M1,middle,50.0,70.0,6.5329657668039e-15
M1,middle,50.0,80.0,-1.0211145697133463e-13
M1,long,-150.0,20.0,1.409775277091506e-10
M1,long,-150.0,30.0,5.055268678109363e-15
M1,long,-150.0,40.0,5.189111150355073e-15
M1,long,-150.0,50.0,4.2137855925360034e-15
M1,long,-150.0,60.0,2.040221177786894e-15
M1,long,-150.0,70.0,3.2961900397300674e-16
M1,long,-150.0,80.0,6.798983143574712e-18
M1,long,-100.0,20.0,0.9764157877073962
M1,long,-100.0,30.0,1.1652033981912012e-11
M1,long,-100.0,40.0,7.696020079647245e-15
M1,long,-100.0,50.0,8.207656576821523e-15
M1,long,-100.0,60.0,5.7787780826664035e-15
M1,long,-100.0,70.0,1.417713169972801e-15
M1,long,-100.0,80.0,2.927658360880093e-17
M1,long,-50.0,20.0,0.994599959947982
M1,long,-50.0,30.0,0.8677135134936798
M1,long,-50.0,40.0,2.836006107921196e-13
M1,long,-50.0,50.0,1.096635593956644e-14
M1,long,-50.0,60.0,9.662568275917918e-15
M1,long,-50.0,70.0,3.217131057218752e-15
M1,long,-50.0,80.0,6.616941831045832e-17
M1,long,0.0,20.0,0.9963799283759446
M1,long,0.0,30.0,0.9674660192265533
M1,long,0.0,40.0,1.073301515422984e-05
M1,long,0.0,50.0,1.3516336278508135e-14
M1,long,0.0,60.0,1.2606655186621948e-14
M1,long,0.0,70.0,5.336174034792109e-15
M1,long,0.0,80.0,1.0984073768872027e-16
M1,long,50.0,20.0,0.9968733643374756
M1,long,50.0,30.0,0.9766438031719282
M1,long,50.0,40.0,0.7023653324588219
M1,long,50.0,50.0,2.9890710655389833e-13
M1,long,50.0,60.0,1.4629912591577455e-14
M1,long,50.0,70.0,7.524782866158726e-15
M1,long,50.0,80.0,1.5546011803469492e-16
M1,free,-150.0,20.0,2.8994747002182756e-08
M1,free,-150.0,30.0,5.748648863691003e-15
M1,free,-150.0,40.0,6.046239619091833e-15
M1,free,-150.0,50.0,5.277070975110305e-15
M1,free,-150.0,60.0,2.8088847501025377e-15
M1,free,-150.0,70.0,-3.1026243519924887e-12
M1,free,-150.0,80.0,-4.571336286237341e-13
M1,free,-100.0,20.0,0.7525698620182413
M1,free,-100.0,30.0,4.368775504365844e-11
M1,free,-100.0,40.0,8.639056896920047e-15
M1,free,-100.0,50.0,9.020554102593407e-15
M1,free,-100.0,60.0,6.578452669421739e-15
M1,free,-100.0,70.0,-5.254982751440751e-13
M1,free,-100.0,80.0,-2.0358936954775163e-12
M1,free,-50.0,20.0,0.8926481704851199
M1,free,-50.0,30.0,0.04153513344365891
M1,free,-50.0,40.0,9.937135750966118e-13
M1,free,-50.0,50.0,1.1404049154089638e-14
M1,free,-50.0,60.0,1.0184895978900103e-14
M1,free,-50.0,70.0,3.577499110273263e-15
M1,free,-50.0,80.0,-7.197281508127192e-13
M1,free,0.0,20.0,0.9166275777195964
M1,free,0.0,30.0,0.5309889243080671
M1,free,0.0,40.0,2.3877861987954215e-08
M1,free,0.0,50.0,2.1031069205407064e-14
M1,free,0.0,60.0,1.2938870981938335e-14
M1,free,0.0,70.0,5.67533886772338e-15
M1,free,0.0,80.0,-1.2119248696846738e-12
M1,free,50.0,20.0,0.9250232307972824
M1,free,50.0,30.0,0.6011398362472462
M1,free,50.0,40.0,5.990371286629001e-06
M1,free,50.0,50.0,8.350241714618047e-13
M1,free,50.0,60.0,1.4906996921937935e-14
M1,free,50.0,70.0,7.878929682400812e-15
M1,free,50.0,80.0,-1.742563154502279e-12
