case,structure,parameter,truth,fit,low,high,status,truth inside,chi2 fit,chi2 truth,optimiser ok
"A, seed 1",M1-split,g hydrolysis_R1,1.28,0.8716804448424262,,,not determined,True,18.842168325547682,23.430606343277553,True
"A, seed 1",M1-split,g hydrolysis_R23,1.05,0.9362395037601741,,1.0513974130576502,upper bound only,True,18.842168325547682,23.430606343277553,True
"A, seed 1",M1-split,g transfer,1.05,1.0480371329424418,1.0297012703656732,1.1259543308392552,interval,True,18.842168325547682,23.430606343277553,True
"A, seed 1",M1-split,g condensation,1.25,1.2453335891592676,1.1905324224029095,,lower bound only,True,18.842168325547682,23.430606343277553,True
"A, seed 1",M1-split,g solvent_attack,1.315,1.325146851966548,1.3132877040770325,1.3458416677802763,interval,True,18.842168325547682,23.430606343277553,True
"A, seed 2",M1-split,g hydrolysis_R1,1.28,1.1682451941709098,,1.3134625893506644,upper bound only,True,32.26546591126159,41.963363964843225,True
"A, seed 2",M1-split,g hydrolysis_R23,1.05,1.0107809579380416,,1.0663025170836882,upper bound only,True,32.26546591126159,41.963363964843225,True
"A, seed 2",M1-split,g transfer,1.05,1.0919594829498562,1.0391677076352148,1.1209170808554012,interval,True,32.26546591126159,41.963363964843225,True
"A, seed 2",M1-split,g condensation,1.25,1.643312618265044,,,not determined,True,32.26546591126159,41.963363964843225,True
"A, seed 2",M1-split,g solvent_attack,1.315,1.3263282584727742,1.3148922863443668,1.3448081179549902,interval,True,32.26546591126159,41.963363964843225,True
"A, seed 3",M1-split,g hydrolysis_R1,1.28,1.123089627334625,,1.2876243450376752,upper bound only,True,38.32229029684333,49.7323949388883,True
"A, seed 3",M1-split,g hydrolysis_R23,1.05,0.8946656647869488,,1.0541934948887481,upper bound only,True,38.32229029684333,49.7323949388883,True
"A, seed 3",M1-split,g transfer,1.05,1.0778107454036219,1.0265099197615095,1.110035371159555,interval,True,38.32229029684333,49.7323949388883,True
"A, seed 3",M1-split,g condensation,1.25,1.537211314545039,,,not determined,True,38.32229029684333,49.7323949388883,True
"A, seed 3",M1-split,g solvent_attack,1.315,1.312673400537252,1.3023351335866957,1.3264920539985077,interval,True,38.32229029684333,49.7323949388883,True
"B, seed 1",M3-split,g hydrolysis_R1,1.3,1.3708391550745418,,1.3883844379243138,upper bound only,True,19.80142334592118,26.003138362063396,True
"B, seed 1",M3-split,g hydrolysis_R23,1.0,0.9893620434066273,0.9774036072394805,0.991469427685896,interval,False,19.80142334592118,26.003138362063396,True
"B, seed 1",M3-split,g transfer,0.9,0.7962022153280859,,0.8607313090824686,upper bound only,False,19.80142334592118,26.003138362063396,True
"B, seed 1",M3-split,g condensation,1.25,1.5651961813338349,,,not determined,True,19.80142334592118,26.003138362063396,True
"B, seed 1",M3-split,g solvent_attack,1.315,1.32551975692867,1.3143942307484389,1.3433349354769595,interval,True,19.80142334592118,26.003138362063396,True
"B, seed 1",M3-split,dG R2,0.12,0.12409218349919537,0.10730394523044393,0.16923540077045568,interval,True,19.80142334592118,26.003138362063396,True
"B, seed 1",M3-split,dG R3,0.17,0.17550195561689907,0.16626053829768886,0.2190995288959778,interval,True,19.80142334592118,26.003138362063396,True
"B, seed 2",M3-split,g hydrolysis_R1,1.3,0.9854777068325198,,,not determined,True,39.36540047580105,44.535895983629054,True
"B, seed 2",M3-split,g hydrolysis_R23,1.0,1.0114733284672588,0.9993811450987332,1.0146258116070213,interval,True,39.36540047580105,44.535895983629054,True
"B, seed 2",M3-split,g transfer,0.9,0.8380877817766537,,,not determined,True,39.36540047580105,44.535895983629054,True
"B, seed 2",M3-split,g condensation,1.25,1.4208874070779596,,,not determined,True,39.36540047580105,44.535895983629054,True
"B, seed 2",M3-split,g solvent_attack,1.315,1.3259726595705719,1.314914849030758,1.3440287437334366,interval,True,39.36540047580105,44.535895983629054,True
"B, seed 2",M3-split,dG R2,0.12,0.11651024183842151,0.10892912101378094,0.12818495055160814,interval,True,39.36540047580105,44.535895983629054,True
"B, seed 2",M3-split,dG R3,0.17,0.16956229383256893,0.1606265499794226,0.17817262809420228,interval,True,39.36540047580105,44.535895983629054,True
