model,scenario,chi2,n_residuals,max_abs_z,worst
peter_reference,short,12640.763846239746,45,59.67620039126755,E1: ring_opened_fraction ≤ 0.02
peter_reference,middle,12419.210868424358,45,59.67620039126755,E1: ring_opened_fraction ≤ 0.02
peter_reference,long,11343.591160706628,45,59.67620039126755,E1: ring_opened_fraction ≤ 0.02
peter_reference,free,10977.980831576027,45,59.67620039126755,E1: ring_opened_fraction ≤ 0.02
family_bep,short,1300.3870109358593,45,29.732757001702296,0.5 % H2O: H3PO4
family_bep,middle,1306.7088994709993,45,29.732142081950563,0.5 % H2O: H3PO4
family_bep,long,1306.4043594866027,45,29.72829067002508,0.5 % H2O: H3PO4
family_bep,free,1300.2227774589476,45,29.72829066997493,0.5 % H2O: H3PO4
family_marcus,short,1300.3374720017553,45,29.731952644544275,0.5 % H2O: H3PO4
family_marcus,middle,1300.2216993459583,45,29.730405914663553,0.5 % H2O: H3PO4
family_marcus,long,1299.5178428078266,45,29.720712697005983,0.5 % H2O: H3PO4
family_marcus,free,1299.9242967080265,45,29.720712696784634,0.5 % H2O: H3PO4
level1,short,1264.2198698825262,45,29.732679378641503,0.5 % H2O: H3PO4
level1,middle,1264.1785331541014,45,29.73197436602324,0.5 % H2O: H3PO4
level1,long,1263.9266459801088,45,29.727558429460853,0.5 % H2O: H3PO4
level1,free,1264.0315712914237,45,29.727558429459865,0.5 % H2O: H3PO4
