variant,scenario,search,chi2,max |z|,worst,fits,g hydrolysis_R1,g hydrolysis_R23,g transfer,g condensation,g solvent_attack,dG R1,dG R2,dG R3,dG R4,dG‡ R1,dG‡ R2,dG‡ R3,dG‡ R5,dG‡ R6,dG‡ R7,dG‡ R4,dG‡ R8,dG‡ R9,log10 age 2 % H2O
as fitted,middle,full,20.383151543795485,1.9341058096331263,"2 % H2O: TMSPA drift, spectrum 4",True,1.493185396490449,0.9504722614472281,0.646402588773218,1.2679825813455214,1.3104449909572708,0.3860614034067851,0.15254079705421342,0.2085308145076482,-0.15664616659018882,1.4493012698910366,0.9477446232083186,0.9660708357478595,0.5766682461934289,0.6165141608266105,0.6344806159969442,1.2406192703470418,1.2869653212063459,1.087258960676617,
floor x0,middle,full,38.912751152596215,3.472466942695594,"TMSOH, probe: TMSOH",False,1.49755907323894,0.9508914417582172,0.6530112970062854,1.2637884615829673,1.3105644419106652,0.38337158263681514,0.1496672828950606,0.20571532919713398,-0.15175572474586063,1.4523492348608573,0.946729650448065,0.9650712670126218,0.5842971663484618,0.624104790555662,0.6421171384041435,1.2388454334534216,1.2870847624881068,1.0873774628096198,
floor x2,middle,reduced,17.736634025333668,1.9341115669038709,"2 % H2O: TMSPA drift, spectrum 4",True,1.4948448112641461,0.950780132009764,0.6476470416869359,1.2680507728378143,1.3107014108438688,0.3842653718641271,0.15128263236147899,0.2080196389007717,-0.15564502389099732,1.450075720288908,0.9474244178641231,0.9661210270646325,0.577533500225319,0.6176324298830227,0.6359677036715528,1.241182644181609,1.2872217203296985,1.087513343988075,
covariance x0.5,middle,reduced,24.65976820187889,2.0667925736297406,computed energies: ΔG_rxn(R1) − computed,True,1.4937330383939376,0.9507595761721412,0.6477240271790233,1.2685117280217806,1.3104315444250885,0.38228651206232733,0.15149561950956625,0.2090960133302533,-0.15803989108099137,1.4479898746037192,0.9475101705456469,0.966643060489802,0.5755469785069063,0.6166444685389837,0.6353915748007386,1.2404591452963336,1.2869518757643348,1.0872456209644634,
covariance x2,middle,reduced,18.1912914248081,1.9340893679525095,"2 % H2O: TMSPA drift, spectrum 4",True,1.4961911675042052,0.9507915890627471,0.6520781226109358,1.2649660178774775,1.3104756883667723,0.3854291074942484,0.15051120699807397,0.20595281278985034,-0.1505617681081134,1.451994923174804,0.9470508825837751,0.965091047496565,0.5849054403461332,0.6241685824510081,0.6418939422343446,1.2406140077427745,1.2869960161310778,1.087289414235945,
ramp held 8 h,middle,full,28.665808057829324,2.4778200026675057,0.5 % H2O: BMSPA,True,1.5740324619744097,0.9099825624609056,0.9339706779489554,1.3026454991192629,1.3104148502724278,0.4178216293668402,0.18687040887146056,0.239999499520559,-0.22735664541105705,1.5458286719623073,0.9244750174319473,0.9415206259188201,0.8449979313865319,0.88616598215165,0.9026395855252192,1.240536233076496,1.2869351829613003,1.0872290594317036,
glovebox 4 h,middle,reduced,20.015361816837014,1.934073819853619,"2 % H2O: TMSPA drift, spectrum 4",True,1.4927663352858382,0.9458694346989492,0.6459520933391967,1.2542492366272522,1.2900287240557042,0.3923706879182016,0.16001939291084988,0.2161752758486969,-0.17393841543574362,1.4519918938283471,0.9468794041075973,0.9653257983862086,0.5710442035758755,0.6112812677515982,0.6292599946839175,1.2183511641732847,1.2665507338779531,1.0670074452156995,
glovebox 16 h,middle,reduced,20.672987415465304,1.934134668543598,"2 % H2O: TMSPA drift, spectrum 4",True,1.4950311877911187,0.954584868481372,0.6485160129188007,1.2818971677249091,1.3314556156682484,0.3793653134819994,0.14520663390400146,0.2015473183249411,-0.1400037190189507,1.4478499911931049,0.9481989049754475,0.966666201610497,0.583482890223979,0.6231804067269705,0.6413877284066105,1.2627776679123157,1.3079742712268247,1.1081053130105387,
as fitted,free,full,18.588309707511808,1.9339841477694077,"2 % H2O: TMSPA drift, spectrum 4",True,1.1086834947195474,1.010995768508024,0.9956736031885252,1.3294994423489,1.310261403771944,0.4333344134997841,0.2105974098605099,0.2682778946209501,-0.2826129127008501,1.088204068797013,1.0374655018986532,1.0569142836365442,0.8877003776955867,0.9325111840490523,0.951096737838549,1.2405434788015972,1.2867817488920685,1.0870768320939772,2.225309281280801
floor x0,free,"full, no better",37.804376786752194,3.50548304832452,"TMSOH, probe: TMSOH",False,1.1081078689172494,1.0118561905107097,0.995297401533783,1.3292589722289385,1.3105091609491635,0.433944770918516,0.21090373130502305,0.26856086098194476,-0.28484904305165903,1.0879308590861865,1.0384809353562443,1.0579189348342035,0.8865579836498707,0.9312018213633025,0.9497665064091458,1.2392235161293246,1.287029486001699,1.08732262093382,2.225309281280801
floor x2,free,reduced,15.645448400662838,1.9339729373801053,"2 % H2O: TMSPA drift, spectrum 4",True,1.1067657145834469,1.0077426637845457,0.9927142026888482,1.3354214180716801,1.3100761822745919,0.43761078843977796,0.2160435227545422,0.274265755430533,-0.2941477230559333,1.0884057996792964,1.036973376552431,1.0567264318357739,0.8813273400317616,0.9266112902464475,0.9454303044674476,1.2408928638505101,1.2865965423999708,1.0868930825971108,2.225309281280802
covariance x0.5,free,reduced,22.82389464157795,2.3024449267589273,computed energies: ΔG_rxn(R1) − computed,True,1.112466872489451,1.0129475065257298,0.9975974874418947,1.3262534287100292,1.3102628310007645,0.4258742030993745,0.20571298201429755,0.2648057977146425,-0.2756475645345926,1.088294637314096,1.0369444654478213,1.0570908226231925,0.8893846467142758,0.9354403263794742,0.9547275577341282,1.2406673757962345,1.286783176004077,1.0870782479807783,2.2253092812808024
covariance x2,free,reduced,16.393697890911707,1.9338368802214714,"2 % H2O: TMSPA drift, spectrum 4",True,1.100354001753233,1.003527187001844,0.9881622117343466,1.344574527268723,1.31026802802314,0.4504607327046033,0.22672290647746318,0.28373929832733413,-0.3137793917487792,1.0883750592650914,1.0381827836757582,1.0573699904934974,0.8735994535599397,0.917745765239926,0.9359314344040239,1.240587620937582,1.2867883726054576,1.0870834037072397,2.2253092813428808
ramp held 8 h,free,reduced,18.87323470679995,1.932127418699717,"2 % H2O: TMSPA drift, spectrum 4",True,1.0970620185305333,0.9957542414716447,0.98065161428349,1.356699752629977,1.310401915924969,0.4574803164052197,0.23543807599141986,0.2954798940607857,-0.3386023147677375,1.0885765591098566,1.0348496720628437,1.0556381228962255,0.8577703816642657,0.902502294203529,0.9220725717137344,1.2407962921717968,1.2869222496637769,1.0872162278401774,2.225309281280801
glovebox 4 h,free,reduced,18.005776486760755,1.9339148978013245,"2 % H2O: TMSPA drift, spectrum 4",True,1.1034688594813398,1.005891285648546,0.9906379647325508,1.3175338722246337,1.289517276062211,0.4438955389215198,0.2214414193211831,0.27914054538606203,-0.3045207727965953,1.0882275350574535,1.0378620764340227,1.0573736375306853,0.8773332907901334,0.922135848441918,0.9406744623912161,1.2180369218532068,1.266039328644716,1.0665001913929766,2.225309281280801
glovebox 16 h,free,reduced,19.02806428040192,1.9339445018060972,"2 % H2O: TMSPA drift, spectrum 4",True,1.1047854958694068,1.0073443927172285,0.9918805940817494,1.3598230191833816,1.331377240680454,0.44131180608714704,0.21878137425874222,0.27647993174088437,-0.29918336123486833,1.0882615616372873,1.037964298414746,1.057462380500591,0.8798679014150828,0.9246690208346832,0.94322098703509,1.2628358008962344,1.3078959023866397,1.108027541166347,2.225309281280801
