scenario,TMSOH at mixing (M),parameters,chi2,max |z|,worst,fits,g hydrolysis_R1,g hydrolysis_R23,g transfer,g condensation,g solvent_attack,dG R1,dG R2,dG R3,dG R4,dG‡ R1,dG‡ R2,dG‡ R3,dG‡ R5,dG‡ R6,dG‡ R7,dG‡ R4,dG‡ R8,dG‡ R9,log10 age 2 % H2O,evaluations
middle,0.0,as fitted without it,20.383151543795485,1.9341058096331263,"2 % H2O: TMSPA drift, spectrum 4",True,1.493185396490449,0.9504722614472281,0.646402588773218,1.2679825813455214,1.3104449909572708,0.3860614034067851,0.15254079705421342,0.2085308145076482,-0.15664616659018882,1.4493012698910366,0.9477446232083186,0.9660708357478595,0.5766682461934289,0.6165141608266105,0.6344806159969442,1.2406192703470418,1.2869653212063459,1.087258960676617,,
middle,1e-09,as fitted without it,372.8539744989232,20.927239159631686,0.5 % H2O: BMSPA,False,1.493185396490449,0.9504722614472281,0.646402588773218,1.2679825813455214,1.3104449909572708,0.3860614034067851,0.15254079705421342,0.2085308145076482,-0.15664616659018882,1.4493012698910366,0.9477446232083186,0.9660708357478595,0.5766682461934289,0.6165141608266105,0.6344806159969442,1.2406192703470418,1.2869653212063459,1.087258960676617,,
middle,1e-07,as fitted without it,1112.2596496128156,30.620003285134363,0.5 % H2O: MMSPA,False,1.493185396490449,0.9504722614472281,0.646402588773218,1.2679825813455214,1.3104449909572708,0.3860614034067851,0.15254079705421342,0.2085308145076482,-0.15664616659018882,1.4493012698910366,0.9477446232083186,0.9660708357478595,0.5766682461934289,0.6165141608266105,0.6344806159969442,1.2406192703470418,1.2869653212063459,1.087258960676617,,
middle,1e-06,as fitted without it,1110.8984785170212,30.59533977382395,0.5 % H2O: MMSPA,False,1.493185396490449,0.9504722614472281,0.646402588773218,1.2679825813455214,1.3104449909572708,0.3860614034067851,0.15254079705421342,0.2085308145076482,-0.15664616659018882,1.4493012698910366,0.9477446232083186,0.9660708357478595,0.5766682461934289,0.6165141608266105,0.6344806159969442,1.2406192703470418,1.2869653212063459,1.087258960676617,,
middle,1e-05,as fitted without it,1110.8431497439842,30.594327687003894,0.5 % H2O: MMSPA,False,1.493185396490449,0.9504722614472281,0.646402588773218,1.2679825813455214,1.3104449909572708,0.3860614034067851,0.15254079705421342,0.2085308145076482,-0.15664616659018882,1.4493012698910366,0.9477446232083186,0.9660708357478595,0.5766682461934289,0.6165141608266105,0.6344806159969442,1.2406192703470418,1.2869653212063459,1.087258960676617,,
middle,0.0001,as fitted without it,1110.8212362853787,30.593927961240155,0.5 % H2O: MMSPA,False,1.493185396490449,0.9504722614472281,0.646402588773218,1.2679825813455214,1.3104449909572708,0.3860614034067851,0.15254079705421342,0.2085308145076482,-0.15664616659018882,1.4493012698910366,0.9477446232083186,0.9660708357478595,0.5766682461934289,0.6165141608266105,0.6344806159969442,1.2406192703470418,1.2869653212063459,1.087258960676617,,
middle,0.001,as fitted without it,1110.6518676498983,30.590835379891416,0.5 % H2O: MMSPA,False,1.493185396490449,0.9504722614472281,0.646402588773218,1.2679825813455214,1.3104449909572708,0.3860614034067851,0.15254079705421342,0.2085308145076482,-0.15664616659018882,1.4493012698910366,0.9477446232083186,0.9660708357478595,0.5766682461934289,0.6165141608266105,0.6344806159969442,1.2406192703470418,1.2869653212063459,1.087258960676617,,
short,0.0,as fitted without it,534.6511791775398,11.587801737038136,TMSPa + TMSOH (A): TMSPA,False,0.8940468883962025,0.8627083240475594,0.6496557235126579,1.3499988610896405,1.3104093940339727,0.6239684996319008,0.26520729117123665,0.2805291646632102,-0.3259813884120806,0.9703511564911667,0.91714462743157,0.9150122003875771,0.6127570849247945,0.5923996043056707,0.5904251670068625,1.2401491424349909,1.2869297271647397,1.0872236465403053,,
short,1e-09,as fitted without it,534.6511790303924,11.587801737038136,TMSPa + TMSOH (A): TMSPA,False,0.8940468883962025,0.8627083240475594,0.6496557235126579,1.3499988610896405,1.3104093940339727,0.6239684996319008,0.26520729117123665,0.2805291646632102,-0.3259813884120806,0.9703511564911667,0.91714462743157,0.9150122003875771,0.6127570849247945,0.5923996043056707,0.5904251670068625,1.2401491424349909,1.2869297271647397,1.0872236465403053,,
short,1e-07,as fitted without it,534.6511644607662,11.587801737038136,TMSPa + TMSOH (A): TMSPA,False,0.8940468883962025,0.8627083240475594,0.6496557235126579,1.3499988610896405,1.3104093940339727,0.6239684996319008,0.26520729117123665,0.2805291646632102,-0.3259813884120806,0.9703511564911667,0.91714462743157,0.9150122003875771,0.6127570849247945,0.5923996043056707,0.5904251670068625,1.2401491424349909,1.2869297271647397,1.0872236465403053,,
short,1e-06,as fitted without it,534.6510320212288,11.587801737038136,TMSPa + TMSOH (A): TMSPA,False,0.8940468883962025,0.8627083240475594,0.6496557235126579,1.3499988610896405,1.3104093940339727,0.6239684996319008,0.26520729117123665,0.2805291646632102,-0.3259813884120806,0.9703511564911667,0.91714462743157,0.9150122003875771,0.6127570849247945,0.5923996043056707,0.5904251670068625,1.2401491424349909,1.2869297271647397,1.0872236465403053,,
short,1e-05,as fitted without it,534.6497083088541,11.587801737038136,TMSPa + TMSOH (A): TMSPA,False,0.8940468883962025,0.8627083240475594,0.6496557235126579,1.3499988610896405,1.3104093940339727,0.6239684996319008,0.26520729117123665,0.2805291646632102,-0.3259813884120806,0.9703511564911667,0.91714462743157,0.9150122003875771,0.6127570849247945,0.5923996043056707,0.5904251670068625,1.2401491424349909,1.2869297271647397,1.0872236465403053,,
short,0.0001,as fitted without it,534.6365396546222,11.587801737038136,TMSPa + TMSOH (A): TMSPA,False,0.8940468883962025,0.8627083240475594,0.6496557235126579,1.3499988610896405,1.3104093940339727,0.6239684996319008,0.26520729117123665,0.2805291646632102,-0.3259813884120806,0.9703511564911667,0.91714462743157,0.9150122003875771,0.6127570849247945,0.5923996043056707,0.5904251670068625,1.2401491424349909,1.2869297271647397,1.0872236465403053,,
short,0.001,as fitted without it,534.5113927474133,11.587801737038136,TMSPa + TMSOH (A): TMSPA,False,0.8940468883962025,0.8627083240475594,0.6496557235126579,1.3499988610896405,1.3104093940339727,0.6239684996319008,0.26520729117123665,0.2805291646632102,-0.3259813884120806,0.9703511564911667,0.91714462743157,0.9150122003875771,0.6127570849247945,0.5923996043056707,0.5904251670068625,1.2401491424349909,1.2869297271647397,1.0872236465403053,,
long,0.0,as fitted without it,19.84001982079943,1.9339823052683718,"2 % H2O: TMSPA drift, spectrum 4",True,1.4489389566137176,1.0242997146444093,0.656503414300444,1.23242375458091,1.310415844403947,0.3575461576904688,0.12271889949933468,0.18332855968412676,-0.08808846803547865,1.3910597956826127,1.006735119507221,1.0272357837662913,0.6058186583824873,0.6456741946770028,0.6662395115303416,1.2391993388885643,1.2869361770123067,1.0872300456655897,,
long,1e-09,as fitted without it,19.84899382400918,1.9339822266491988,"2 % H2O: TMSPA drift, spectrum 4",True,1.4489389566137176,1.0242997146444093,0.656503414300444,1.23242375458091,1.310415844403947,0.3575461576904688,0.12271889949933468,0.18332855968412676,-0.08808846803547865,1.3910597956826127,1.006735119507221,1.0272357837662913,0.6058186583824873,0.6456741946770028,0.6662395115303416,1.2391993388885643,1.2869361770123067,1.0872300456655897,,
long,1e-07,as fitted without it,269.8347097070215,17.636763800181186,0.5 % H2O: BMSPA,False,1.4489389566137176,1.0242997146444093,0.656503414300444,1.23242375458091,1.310415844403947,0.3575461576904688,0.12271889949933468,0.18332855968412676,-0.08808846803547865,1.3910597956826127,1.006735119507221,1.0272357837662913,0.6058186583824873,0.6456741946770028,0.6662395115303416,1.2391993388885643,1.2869361770123067,1.0872300456655897,,
long,1e-06,as fitted without it,1542.1744578440378,32.577264273765365,0.5 % H2O: BMSPA,False,1.4489389566137176,1.0242997146444093,0.656503414300444,1.23242375458091,1.310415844403947,0.3575461576904688,0.12271889949933468,0.18332855968412676,-0.08808846803547865,1.3910597956826127,1.006735119507221,1.0272357837662913,0.6058186583824873,0.6456741946770028,0.6662395115303416,1.2391993388885643,1.2869361770123067,1.0872300456655897,,
long,1e-05,as fitted without it,1306.0243180240561,31.794450193809094,0.5 % H2O: MMSPA,False,1.4489389566137176,1.0242997146444093,0.656503414300444,1.23242375458091,1.310415844403947,0.3575461576904688,0.12271889949933468,0.18332855968412676,-0.08808846803547865,1.3910597956826127,1.006735119507221,1.0272357837662913,0.6058186583824873,0.6456741946770028,0.6662395115303416,1.2391993388885643,1.2869361770123067,1.0872300456655897,,
long,0.0001,as fitted without it,1257.7735344935468,32.51651400282495,0.5 % H2O: MMSPA,False,1.4489389566137176,1.0242997146444093,0.656503414300444,1.23242375458091,1.310415844403947,0.3575461576904688,0.12271889949933468,0.18332855968412676,-0.08808846803547865,1.3910597956826127,1.006735119507221,1.0272357837662913,0.6058186583824873,0.6456741946770028,0.6662395115303416,1.2391993388885643,1.2869361770123067,1.0872300456655897,,
long,0.001,as fitted without it,1237.34917194887,32.62848137829048,0.5 % H2O: MMSPA,False,1.4489389566137176,1.0242997146444093,0.656503414300444,1.23242375458091,1.310415844403947,0.3575461576904688,0.12271889949933468,0.18332855968412676,-0.08808846803547865,1.3910597956826127,1.006735119507221,1.0272357837662913,0.6058186583824873,0.6456741946770028,0.6662395115303416,1.2391993388885643,1.2869361770123067,1.0872300456655897,,
free,0.0,as fitted without it,18.588309707511808,1.9339841477694077,"2 % H2O: TMSPA drift, spectrum 4",True,1.1086834947195474,1.010995768508024,0.9956736031885252,1.3294994423489,1.310261403771944,0.4333344134997841,0.2105974098605099,0.2682778946209501,-0.2826129127008501,1.088204068797013,1.0374655018986532,1.0569142836365442,0.8877003776955867,0.9325111840490523,0.951096737838549,1.2405434788015972,1.2867817488920685,1.0870768320939772,2.225309281280801,
free,1e-09,as fitted without it,18.588309802803668,1.9339841477687905,"2 % H2O: TMSPA drift, spectrum 4",True,1.1086834947195474,1.010995768508024,0.9956736031885252,1.3294994423489,1.310261403771944,0.4333344134997841,0.2105974098605099,0.2682778946209501,-0.2826129127008501,1.088204068797013,1.0374655018986532,1.0569142836365442,0.8877003776955867,0.9325111840490523,0.951096737838549,1.2405434788015972,1.2867817488920685,1.0870768320939772,2.225309281280801,
free,1e-07,as fitted without it,18.588319238411163,1.9339841477076507,"2 % H2O: TMSPA drift, spectrum 4",True,1.1086834947195474,1.010995768508024,0.9956736031885252,1.3294994423489,1.310261403771944,0.4333344134997841,0.2105974098605099,0.2682778946209501,-0.2826129127008501,1.088204068797013,1.0374655018986532,1.0569142836365442,0.8877003776955867,0.9325111840490523,0.951096737838549,1.2405434788015972,1.2867817488920685,1.0870768320939772,2.225309281280801,
free,1e-06,as fitted without it,18.58840517622176,1.9339841471518786,"2 % H2O: TMSPA drift, spectrum 4",True,1.1086834947195474,1.010995768508024,0.9956736031885252,1.3294994423489,1.310261403771944,0.4333344134997841,0.2105974098605099,0.2682778946209501,-0.2826129127008501,1.088204068797013,1.0374655018986532,1.0569142836365442,0.8877003776955867,0.9325111840490523,0.951096737838549,1.2405434788015972,1.2867817488920685,1.0870768320939772,2.225309281280801,
free,1e-05,as fitted without it,18.589280446828205,1.9339841415990562,"2 % H2O: TMSPA drift, spectrum 4",True,1.1086834947195474,1.010995768508024,0.9956736031885252,1.3294994423489,1.310261403771944,0.4333344134997841,0.2105974098605099,0.2682778946209501,-0.2826129127008501,1.088204068797013,1.0374655018986532,1.0569142836365442,0.8877003776955867,0.9325111840490523,0.951096737838549,1.2405434788015972,1.2867817488920685,1.0870768320939772,2.225309281280801,
free,0.0001,as fitted without it,18.59962119863769,1.9339840861940545,"2 % H2O: TMSPA drift, spectrum 4",True,1.1086834947195474,1.010995768508024,0.9956736031885252,1.3294994423489,1.310261403771944,0.4333344134997841,0.2105974098605099,0.2682778946209501,-0.2826129127008501,1.088204068797013,1.0374655018986532,1.0569142836365442,0.8877003776955867,0.9325111840490523,0.951096737838549,1.2405434788015972,1.2867817488920685,1.0870768320939772,2.225309281280801,
free,0.001,as fitted without it,18.8613785560492,1.9339835470913813,"2 % H2O: TMSPA drift, spectrum 4",True,1.1086834947195474,1.010995768508024,0.9956736031885252,1.3294994423489,1.310261403771944,0.4333344134997841,0.2105974098605099,0.2682778946209501,-0.2826129127008501,1.088204068797013,1.0374655018986532,1.0569142836365442,0.8877003776955867,0.9325111840490523,0.951096737838549,1.2405434788015972,1.2867817488920685,1.0870768320939772,2.225309281280801,
middle,1e-06,fitted again,28.17795421897865,2.500141977429285,0.5 % H2O: BMSPA,True,1.2790909744051246,0.9515271356114388,0.9640762607951547,1.269638545463143,1.3103535423344277,0.38561530801975796,0.15677289024796415,0.2096580397645117,-0.16021214418791396,1.235042441659249,0.9509136831363239,0.9676939365340266,0.891755952249539,0.9343991402479783,0.9509245895214884,1.2405119953087602,1.2868738799899675,1.0871682385615924,,11598.0
long,1e-06,fitted again,21.083602806824427,1.934192705871195,"2 % H2O: TMSPA drift, spectrum 4",True,1.357319484738627,0.9624494147141791,0.70057433086626,1.3609146005139126,1.310234379687114,0.47747942382716557,0.24661393257668718,0.30153924735137894,-0.3496505162131257,1.3588175202252677,1.0072663093700371,1.0254884873314574,0.5834137032318701,0.6231337587610472,0.6399695599221857,1.2397251156156537,1.2867547269952413,1.087050022749121,,12078.0
free,1e-06,fitted again,18.58840517622175,1.9339841471518786,"2 % H2O: TMSPA drift, spectrum 4",True,1.1086834947195474,1.010995768508024,0.9956736031885252,1.3294994423489,1.310261403771944,0.4333344134997841,0.2105974098605099,0.26827789462094986,-0.2826129127008501,1.088204068797013,1.0374655018986532,1.0569142836365442,0.8877003776955867,0.9325111840490523,0.951096737838549,1.2405434788015972,1.2867817488920685,1.0870768320939772,2.225309281280801,12916.0
middle,0.001,fitted again,37.33734355721412,3.86244756713887,0.5 % H2O: MMSPA,False,1.3056997333220117,0.9366980129809295,0.8925069059030954,1.3521884133534219,1.310238172677654,0.47282249681162725,0.24752870518529613,0.29477386179152587,-0.3368742997378058,1.3048690243581034,0.981997185931946,0.9962729107671485,0.7779799954413119,0.821131721237155,0.8345109775287844,1.2371198740889526,1.2867585196797044,1.0870537856000426,,12138.0
long,0.001,fitted again,23.12812924615773,2.003745850548407,computed energies: ΔG_rxn(R1) − computed,True,1.6651707208687943,0.9703567153280875,0.8123198155157727,1.404329055487618,1.3102106255023158,0.5241429115884393,0.2951102370524792,0.34749083924605495,-0.44246443113301015,1.690092644815519,1.040122681950063,1.0572339138654128,0.6732511358270376,0.7136468218439243,0.7291581317451388,1.2390777317091888,1.2867309747336286,1.0870264573302533,,12018.0
free,0.001,fitted again,18.697688462771882,1.933890357947185,"2 % H2O: TMSPA drift, spectrum 4",True,1.1049192418347498,1.0043167988115875,0.9889648660811852,1.3433847842735727,1.3102690428547235,0.44729390763918975,0.2247875730864004,0.2823895172524229,-0.3111419465101054,1.0913659253957464,1.0379881768636054,1.0574664175247295,0.8741503753571184,0.9188857216233081,0.9373602178085525,1.240666711290256,1.2867893873560285,1.0870844104760353,2.2253074361133187,13158.0
