,family,assumption,bounds on g (eV)
0,condensation,E3: HMDSO below 2 % after 8 h at 80 °C,g ≥ 1.265
1,condensation,E3: HMDSO below 5 % (file),g ≥ 1.235
2,condensation,E3: HMDSO below 10 %,g ≥ 1.210
3,transfer,E4: TMSPA ≥ 95 % consumed within 1 h,g ≤ 1.046
4,transfer,E4: within 24 h (file),g ≤ 1.129
5,transfer,E4: within 1 week,g ≤ 1.179
6,solvent_attack,E2: 5–90 % ring-opened after 8 h at 80 °C (file),g ≤ 1.387;  g ≥ 1.271
7,solvent_attack,E2: 20–60 % ring-opened,g ≤ 1.343;  g ≥ 1.299
8,solvent_attack,E1: below 2 % at RT in 1 week (file),g ≥ 1.273
9,solvent_attack,E1: below 10 %,g ≥ 1.230
