,design,hydrolysis_R1,hydrolysis_R1:dS,hydrolysis_R2,hydrolysis_R2:dS,hydrolysis_R3,hydrolysis_R3:dS,transfer,condensation,solvent_attack,truth
0,C_wet_ramp,0.015673311036886052,75.36721265780992,0.0004820432055358883,3.27037042308474,0.0010003638963989518,9.680051188536053,0.07459305729001361,0.018020058304876477,0.0006641664968354424,"g 1.20, ΔS‡ 0"
1,D_low_water_40C,0.010838026661311256,52.09909657443023,0.02074182399571168,99.68557294589048,0.12745107584657095,99.80653124507825,0.19073274561525105,0.299987064620916,0.2999985805693751,"g 1.20, ΔS‡ 0"
2,C2_wet_ramp_50C,0.010125330128755121,97.45837665477583,0.0013835493251795655,13.549982109085603,0.0015010456427099685,11.242749768196543,0.17220857515909488,0.018622259936261938,0.0004884802312949671,"g 1.20, ΔS‡ 0"
3,D2_low_water_50C,0.009474324885785338,91.09212897078505,0.010415869322646742,99.50183224835868,0.015185392799999371,99.9411430954948,0.2164695813591759,0.2999265568126753,0.2996178388251001,"g 1.20, ΔS‡ 0"
4,C + D,0.009822745780928257,47.249157732738574,0.0004634657318853359,3.1375370114541505,0.000987326610332883,9.520563192322367,0.07029311506762431,0.017762008400326913,0.000664037136180181,"g 1.20, ΔS‡ 0"
5,C + C′,0.003140284565688323,15.349584775765164,0.0003886221973243972,2.4213554260539274,0.0005262590675519259,3.391973492053496,0.06561664419122105,0.006413732134873345,0.00039213927631571755,"g 1.20, ΔS‡ 0"
6,C + D + D′,0.000494470422615134,2.5467251169175342,0.0003485906743965555,2.6613331321357707,0.0008253033107802649,9.179460545516063,0.06787930226901369,0.01645355772829475,0.0006619187665988395,"g 1.20, ΔS‡ 0"
7,C_wet_ramp,0.00849429382113209,40.80740877695758,0.0005065968087587121,5.880350127547696,0.0020753190283742838,6.82843114691619,0.19657773231777917,0.004872055944133889,0.0015665388943258782,"g 1.25, ΔS‡ 0"
8,D_low_water_40C,0.01716411859216612,82.50141242549425,0.025284925694664732,99.7653217949121,0.299999959980496,99.99999993700487,0.2836963826076349,0.29987702854018383,0.29999999998503707,"g 1.25, ΔS‡ 0"
9,C2_wet_ramp_50C,0.00889444548642539,85.46719779974786,0.00031913192729455365,3.4933549603720926,0.0010874602539724314,15.42066724126069,0.21196467785423373,0.005936075233012681,0.0010551970728751759,"g 1.25, ΔS‡ 0"
10,D2_low_water_50C,0.006968175670712004,67.02460513495166,0.014253996407608839,99.92917281386205,0.2718598390731427,99.98944646118197,0.2804540782417147,0.29974862945165065,0.2999872532660837,"g 1.25, ΔS‡ 0"
11,C + D,0.008191691302013927,39.36024749304578,0.000499571895552013,5.777691888104707,0.0020663406767112043,6.714493474136642,0.18186217559641282,0.004830312453933461,0.0015664454920165981,"g 1.25, ΔS‡ 0"
12,C + C′,0.00039256668162635926,2.0274680030117582,0.00016642236720319797,2.48339963707102,0.0008011837874653855,3.661231935194441,0.15708821977668244,0.0025348908126450087,0.0008731302253312986,"g 1.25, ΔS‡ 0"
13,C + D + D′,0.00018102016591668227,0.9406167053181832,0.00039727154238204047,5.732572949231415,0.001958593600987593,6.523693126994466,0.17557046707033647,0.004766895865605386,0.001566330396483044,"g 1.25, ΔS‡ 0"
14,C_wet_ramp,0.0010985925298870485,5.27063771864723,0.0017158927281275382,7.511834096850939,0.017093168743251817,73.75241287962686,0.28086848379763096,0.007725301368183421,0.007163533819336933,"g 1.30, ΔS‡ 0"
15,D_low_water_40C,0.02004154664597119,96.90504680207054,0.20129592334319757,99.87011071206878,0.2999999999800608,99.99999999996861,0.29940954968306766,0.2973661102454673,0.2999999999999376,"g 1.30, ΔS‡ 0"
16,C2_wet_ramp_50C,0.0054372613629369545,52.23679883877356,0.001984769170575032,15.502344232656649,0.006079312457313677,27.199579537625617,0.2819659769265923,0.005429690228176105,0.004173010265218029,"g 1.30, ΔS‡ 0"
17,D2_low_water_50C,0.010171525831931514,98.0641757953179,0.061222511366357785,99.94340267762303,0.29999999781163456,99.99999999913854,0.2987656453173842,0.2949622177641876,0.29999999995679155,"g 1.30, ΔS‡ 0"
18,C + D,0.0010956671396950485,5.263418562746898,0.0017076157765215463,7.469052737826511,0.017049859833440175,73.42369856306476,0.27929417373209525,0.007722365738805859,0.007163514705612565,"g 1.30, ΔS‡ 0"
19,C + C′,0.00015528492801229052,0.8195760720585193,0.0008422858799117423,4.556271992552614,0.0027087286558413245,12.327879431800353,0.264967904202753,0.0036203272301326256,0.0035884724086786683,"g 1.30, ΔS‡ 0"
20,C + D + D′,9.97959651009194e-05,0.5685336909859785,0.001592793439724364,6.948701124606443,0.016112986723717096,69.00755836954626,0.277444591927817,0.007712823311030295,0.0071617009306216214,"g 1.30, ΔS‡ 0"
21,C_wet_ramp,0.009977543996145335,47.93419333511063,0.0005736443196983657,4.7133013588697406,0.0021335181068301173,6.391367793970724,0.17299444477836828,0.004224001567668049,0.0018482464749669703,"g 1.25, ΔS‡ −50"
22,D_low_water_40C,0.01659166146078003,79.63248943999304,0.023155888032171012,99.76503294348309,0.29999871962007135,99.99999798455048,0.26889761866370543,0.2999415174849579,0.2999999998118576,"g 1.25, ΔS‡ −50"
23,C2_wet_ramp_50C,0.00912493958353714,87.67354036997544,0.00036599946521736565,3.2972065245178093,0.0012923446317917528,16.164031808804726,0.1991638413143757,0.004801816983393713,0.001193465685580516,"g 1.25, ΔS‡ −50"
24,D2_low_water_50C,0.007320226636336375,70.40873151729211,0.013304067990995913,99.92705463777389,0.22905852657114895,99.97538896393891,0.276924359859106,0.2997393637244243,0.2999779476117167,"g 1.25, ΔS‡ −50"
25,C + D,0.00888175890391703,42.70171483141725,0.000554828653829814,4.576271271946853,0.0021083477299584214,6.274649135147539,0.1572185434774141,0.00416666124785064,0.0018480982816637182,"g 1.25, ΔS‡ −50"
26,C + C′,0.0004437675700326694,2.3209864757904897,0.00020032742907447133,2.3468857435878636,0.000841041688395726,4.281142561396159,0.13937320542568551,0.0023401135612562147,0.0009999521364382,"g 1.25, ΔS‡ −50"
27,C + D + D′,0.000199013257007047,1.047593067662566,0.0004830040792967512,4.520564365117566,0.002028645499635695,6.208179342435671,0.15238000340049968,0.0041132000403324475,0.001847988453754833,"g 1.25, ΔS‡ −50"
