,design,true value,parameter,sigma
0,A_step_protocol,0.8,hydrolysis_R1,0.0003279481386941906
1,A_step_protocol,0.8,hydrolysis_R2,0.0009001659991454133
2,A_step_protocol,0.8,hydrolysis_R3,0.0033369657581390497
3,A_step_protocol,0.8,transfer,0.2977161159145655
4,A_step_protocol,0.8,condensation,0.008577748909746268
5,A_step_protocol,0.8,solvent_attack,0.0023393069953410043
6,B_wet_40C,0.8,hydrolysis_R1,0.00011431125921584234
7,B_wet_40C,0.8,hydrolysis_R2,0.009178590900027902
8,B_wet_40C,0.8,hydrolysis_R3,0.1887577071810788
9,B_wet_40C,0.8,transfer,0.20277682140076309
10,B_wet_40C,0.8,condensation,0.2995522409161081
11,B_wet_40C,0.8,solvent_attack,0.29999884451965664
12,C_wet_ramp,0.8,hydrolysis_R1,0.00010366868675596463
13,C_wet_ramp,0.8,hydrolysis_R2,0.00014415726052450112
14,C_wet_ramp,0.8,hydrolysis_R3,0.0007861184573563442
15,C_wet_ramp,0.8,transfer,0.18314737743342901
16,C_wet_ramp,0.8,condensation,0.002755030755024118
17,C_wet_ramp,0.8,solvent_attack,0.001554664088875248
18,D_low_water_40C,0.8,hydrolysis_R1,8.483461577058365e-05
19,D_low_water_40C,0.8,hydrolysis_R2,0.014778806715428307
20,D_low_water_40C,0.8,hydrolysis_R3,0.2999999505230687
21,D_low_water_40C,0.8,transfer,0.2832969612728826
22,D_low_water_40C,0.8,condensation,0.2998763759466768
23,D_low_water_40C,0.8,solvent_attack,0.2999999999816665
24,E_dry_transfer_40C,0.8,hydrolysis_R1,0.3
25,E_dry_transfer_40C,0.8,hydrolysis_R2,0.3
26,E_dry_transfer_40C,0.8,hydrolysis_R3,0.3
27,E_dry_transfer_40C,0.8,transfer,0.2712220453595728
28,E_dry_transfer_40C,0.8,condensation,0.3
29,E_dry_transfer_40C,0.8,solvent_attack,0.2999995517812375
30,F_tmsoh_80C,0.8,hydrolysis_R1,0.3
31,F_tmsoh_80C,0.8,hydrolysis_R2,0.3
32,F_tmsoh_80C,0.8,hydrolysis_R3,0.3
33,F_tmsoh_80C,0.8,transfer,0.3
34,F_tmsoh_80C,0.8,condensation,0.004884217407330968
35,F_tmsoh_80C,0.8,solvent_attack,8.020052642484666e-05
36,A_step_protocol,0.9,hydrolysis_R1,0.0003281537619369154
37,A_step_protocol,0.9,hydrolysis_R2,0.0010045164898244818
38,A_step_protocol,0.9,hydrolysis_R3,0.003968390200668638
39,A_step_protocol,0.9,transfer,0.015278922134183316
40,A_step_protocol,0.9,condensation,0.00948776493486249
41,A_step_protocol,0.9,solvent_attack,0.0023823735361654243
42,B_wet_40C,0.9,hydrolysis_R1,0.00010578957073795103
43,B_wet_40C,0.9,hydrolysis_R2,0.008911863539123726
44,B_wet_40C,0.9,hydrolysis_R3,0.17661335848887375
45,B_wet_40C,0.9,transfer,0.009826697017708188
46,B_wet_40C,0.9,condensation,0.2961083394030102
47,B_wet_40C,0.9,solvent_attack,0.2999981000123006
48,C_wet_ramp,0.9,hydrolysis_R1,9.682473397325886e-05
49,C_wet_ramp,0.9,hydrolysis_R2,0.0001553438715824382
50,C_wet_ramp,0.9,hydrolysis_R3,0.0008040185925221144
51,C_wet_ramp,0.9,transfer,0.005920349576878452
52,C_wet_ramp,0.9,condensation,0.002785191075095553
53,C_wet_ramp,0.9,solvent_attack,0.001554186357629409
54,D_low_water_40C,0.9,hydrolysis_R1,8.508578483465534e-05
55,D_low_water_40C,0.9,hydrolysis_R2,0.014514119295156823
56,D_low_water_40C,0.9,hydrolysis_R3,0.2999855920366405
57,D_low_water_40C,0.9,transfer,0.027314666183959224
58,D_low_water_40C,0.9,condensation,0.29958493804733805
59,D_low_water_40C,0.9,solvent_attack,0.29999999935712984
60,E_dry_transfer_40C,0.9,hydrolysis_R1,0.3
61,E_dry_transfer_40C,0.9,hydrolysis_R2,0.2999999999999999
62,E_dry_transfer_40C,0.9,hydrolysis_R3,0.3
63,E_dry_transfer_40C,0.9,transfer,0.0171494999599003
64,E_dry_transfer_40C,0.9,condensation,0.29999999999998345
65,E_dry_transfer_40C,0.9,solvent_attack,0.29999692434128794
66,F_tmsoh_80C,0.9,hydrolysis_R1,0.3
67,F_tmsoh_80C,0.9,hydrolysis_R2,0.3
68,F_tmsoh_80C,0.9,hydrolysis_R3,0.3
69,F_tmsoh_80C,0.9,transfer,0.3
70,F_tmsoh_80C,0.9,condensation,0.004884217407330968
71,F_tmsoh_80C,0.9,solvent_attack,8.020052642484666e-05
72,A_step_protocol,1.0,hydrolysis_R1,0.0003309400931225626
73,A_step_protocol,1.0,hydrolysis_R2,0.0009552552682416195
74,A_step_protocol,1.0,hydrolysis_R3,0.0034132158528057724
75,A_step_protocol,1.0,transfer,0.016134882960889586
76,A_step_protocol,1.0,condensation,0.008531143303500101
77,A_step_protocol,1.0,solvent_attack,0.00231867478108533
78,B_wet_40C,1.0,hydrolysis_R1,0.0001393140123802013
79,B_wet_40C,1.0,hydrolysis_R2,0.0031620799942793415
80,B_wet_40C,1.0,hydrolysis_R3,0.053036856932990296
81,B_wet_40C,1.0,transfer,0.024984693551871093
82,B_wet_40C,1.0,condensation,0.15355380041087816
83,B_wet_40C,1.0,solvent_attack,0.29996998163480765
84,C_wet_ramp,1.0,hydrolysis_R1,9.626062131100283e-05
85,C_wet_ramp,1.0,hydrolysis_R2,0.000146468123083394
86,C_wet_ramp,1.0,hydrolysis_R3,0.0007633786430396906
87,C_wet_ramp,1.0,transfer,0.0022674012336264615
88,C_wet_ramp,1.0,condensation,0.0026781675545330215
89,C_wet_ramp,1.0,solvent_attack,0.0015354722151100276
90,D_low_water_40C,1.0,hydrolysis_R1,9.527147441515689e-05
91,D_low_water_40C,1.0,hydrolysis_R2,0.011756603180347215
92,D_low_water_40C,1.0,hydrolysis_R3,0.29637721187439786
93,D_low_water_40C,1.0,transfer,0.045177280652908956
94,D_low_water_40C,1.0,condensation,0.2567812469140858
95,D_low_water_40C,1.0,solvent_attack,0.29999459091092406
96,E_dry_transfer_40C,1.0,hydrolysis_R1,0.2999999999999955
97,E_dry_transfer_40C,1.0,hydrolysis_R2,0.29999999999994187
98,E_dry_transfer_40C,1.0,hydrolysis_R3,0.3
99,E_dry_transfer_40C,1.0,transfer,0.0034378797652927628
100,E_dry_transfer_40C,1.0,condensation,0.29999999996761045
101,E_dry_transfer_40C,1.0,solvent_attack,0.297672484330293
102,F_tmsoh_80C,1.0,hydrolysis_R1,0.3
103,F_tmsoh_80C,1.0,hydrolysis_R2,0.3
104,F_tmsoh_80C,1.0,hydrolysis_R3,0.3
105,F_tmsoh_80C,1.0,transfer,0.3
106,F_tmsoh_80C,1.0,condensation,0.004884217407330968
107,F_tmsoh_80C,1.0,solvent_attack,8.020052642484666e-05
108,A_step_protocol,1.1,hydrolysis_R1,0.0004486031532212945
109,A_step_protocol,1.1,hydrolysis_R2,0.0005523010831757348
110,A_step_protocol,1.1,hydrolysis_R3,0.0013249639673654353
111,A_step_protocol,1.1,transfer,0.0019885239147293867
112,A_step_protocol,1.1,condensation,0.0041498369162685156
113,A_step_protocol,1.1,solvent_attack,0.002273245762817402
114,B_wet_40C,1.1,hydrolysis_R1,0.00022017418807746935
115,B_wet_40C,1.1,hydrolysis_R2,0.0012711805780133516
116,B_wet_40C,1.1,hydrolysis_R3,0.05051602986013563
117,B_wet_40C,1.1,transfer,0.0012388164069338863
118,B_wet_40C,1.1,condensation,0.26626818690815346
119,B_wet_40C,1.1,solvent_attack,0.28748852455198215
120,C_wet_ramp,1.1,hydrolysis_R1,0.0001369316173339825
121,C_wet_ramp,1.1,hydrolysis_R2,8.876371252178106e-05
122,C_wet_ramp,1.1,hydrolysis_R3,0.00024454587402216463
123,C_wet_ramp,1.1,transfer,0.000676525800426429
124,C_wet_ramp,1.1,condensation,0.001478712602272607
125,C_wet_ramp,1.1,solvent_attack,0.0013506648287187552
126,D_low_water_40C,1.1,hydrolysis_R1,0.00010565865973499599
127,D_low_water_40C,1.1,hydrolysis_R2,0.008300548900091935
128,D_low_water_40C,1.1,hydrolysis_R3,0.29620666219109487
129,D_low_water_40C,1.1,transfer,0.0016575257053141877
130,D_low_water_40C,1.1,condensation,0.28559529894713137
131,D_low_water_40C,1.1,solvent_attack,0.2954229560836263
132,E_dry_transfer_40C,1.1,hydrolysis_R1,0.29999999999685306
133,E_dry_transfer_40C,1.1,hydrolysis_R2,0.29999999999909005
134,E_dry_transfer_40C,1.1,hydrolysis_R3,0.3
135,E_dry_transfer_40C,1.1,transfer,0.00047891836373200296
136,E_dry_transfer_40C,1.1,condensation,0.29999999638125086
137,E_dry_transfer_40C,1.1,solvent_attack,0.23025426408781635
138,F_tmsoh_80C,1.1,hydrolysis_R1,0.3
139,F_tmsoh_80C,1.1,hydrolysis_R2,0.3
140,F_tmsoh_80C,1.1,hydrolysis_R3,0.3
141,F_tmsoh_80C,1.1,transfer,0.3
142,F_tmsoh_80C,1.1,condensation,0.004884217407330968
143,F_tmsoh_80C,1.1,solvent_attack,8.020052642484666e-05
