,parameter,observation,probes,status,time_basis,g_low_eV,g_high_eV,low_set_by,high_set_by,verdict,y_parameter,y_eV
0,hydrolysis,L1,hydrolysis,measured,files + assumed age,1.29765625,,bound,scan limit,lower bound only,transfer,0.8
1,hydrolysis,L2,hydrolysis,measured,files + assumed age,,1.25703125,scan limit,bound,upper bound only,transfer,0.8
2,hydrolysis,L1,hydrolysis,measured,files + assumed age,1.29765625,,bound,scan limit,lower bound only,transfer,0.85
3,hydrolysis,L2,hydrolysis,measured,files + assumed age,,1.25703125,scan limit,bound,upper bound only,transfer,0.85
4,hydrolysis,L1,hydrolysis,measured,files + assumed age,1.29765625,,bound,scan limit,lower bound only,transfer,0.9
5,hydrolysis,L2,hydrolysis,measured,files + assumed age,,1.25703125,scan limit,bound,upper bound only,transfer,0.9
6,hydrolysis,L1,hydrolysis,measured,files + assumed age,1.29765625,,bound,scan limit,lower bound only,transfer,0.95
7,hydrolysis,L2,hydrolysis,measured,files + assumed age,,1.25703125,scan limit,bound,upper bound only,transfer,0.95
8,hydrolysis,L1,hydrolysis,measured,files + assumed age,1.29765625,,bound,scan limit,lower bound only,transfer,1.0
9,hydrolysis,L2,hydrolysis,measured,files + assumed age,,1.25703125,scan limit,bound,upper bound only,transfer,1.0
10,hydrolysis,L1,hydrolysis,measured,files + assumed age,1.29765625,,bound,scan limit,lower bound only,transfer,1.05
11,hydrolysis,L2,hydrolysis,measured,files + assumed age,,1.25703125,scan limit,bound,upper bound only,transfer,1.05
12,hydrolysis,L1,hydrolysis,measured,files + assumed age,1.29609375,,bound,scan limit,lower bound only,transfer,1.1
13,hydrolysis,L2,hydrolysis,measured,files + assumed age,,1.2554687500000001,scan limit,bound,upper bound only,transfer,1.1
14,hydrolysis,L1,hydrolysis,measured,files + assumed age,1.2898437500000002,,bound,scan limit,lower bound only,transfer,1.15
15,hydrolysis,L2,hydrolysis,measured,files + assumed age,,1.24765625,scan limit,bound,upper bound only,transfer,1.15
16,hydrolysis,L1,hydrolysis,measured,files + assumed age,1.28203125,,bound,scan limit,lower bound only,transfer,1.2
17,hydrolysis,L2,hydrolysis,measured,files + assumed age,,1.2398437500000001,scan limit,bound,upper bound only,transfer,1.2
18,hydrolysis,L1,hydrolysis,measured,files + assumed age,1.28046875,,bound,scan limit,lower bound only,transfer,1.25
19,hydrolysis,L2,hydrolysis,measured,files + assumed age,,1.23828125,scan limit,bound,upper bound only,transfer,1.25
20,hydrolysis,L1,hydrolysis,measured,files + assumed age,1.27890625,,bound,scan limit,lower bound only,transfer,1.3
21,hydrolysis,L2,hydrolysis,measured,files + assumed age,,1.23671875,scan limit,bound,upper bound only,transfer,1.3
22,hydrolysis,L1,hydrolysis,measured,files + assumed age,1.27890625,,bound,scan limit,lower bound only,transfer,1.35
23,hydrolysis,L2,hydrolysis,measured,files + assumed age,,1.23671875,scan limit,bound,upper bound only,transfer,1.35
24,hydrolysis,L1,hydrolysis,measured,files + assumed age,1.27890625,,bound,scan limit,lower bound only,transfer,1.4
25,hydrolysis,L2,hydrolysis,measured,files + assumed age,,1.23671875,scan limit,bound,upper bound only,transfer,1.4
