,HMDSO_M,TMSOH_M,H2O_M,TMSOH_to_H2O,dG_R2_eV,dG_R3_eV,dG_R4_eV
0,0.0,0.3968114640489744,0.6547011643162768,0.6060955527143074,-0.040718390990878685,-0.006153310154808211,inf
1,0.0033067622004081198,0.39019793964815813,0.6580079265166849,0.5929988438190402,-0.04016183759205762,-0.005596756755987142,0.1082300182950788
2,0.0066135244008162395,0.3835844152473419,0.661314688717093,0.5800331094890248,-0.03959860765396933,-0.005033526817898849,0.08957185921368209
3,0.009920286601224359,0.3769708908465257,0.6646214509175011,0.5671963947689657,-0.03902844013149008,-0.004463359295419603,0.07822850605493988
4,0.013227048801632479,0.37035736644570943,0.6679282131179093,0.5544867834177418,-0.038451060553699096,-0.003885979717628616,0.06987087367021666
5,0.0165338110020406,0.3637438420448932,0.6712349753183173,0.5419023969548015,-0.03786618004735038,-0.0033010992112799033,0.06314187228354416
6,0.019840573202448718,0.35713031764407693,0.6745417375187255,0.5294413937346062,-0.037273494270960106,-0.00270841343488962,0.05743666994326396
7,0.02314733540285684,0.3505167932432607,0.6778484997191336,0.517101968048166,-0.03667268224947643,-0.0021076014134059446,0.052432316380471966
8,0.026454097603264958,0.3439032688424445,0.6811552619195418,0.5048823492507446,-0.03606340509816117,-0.0014983242620906932,0.047935746831552155
9,0.029760859803673077,0.33728974444162824,0.6844620241199498,0.49278080091485,-0.035445304622766766,-0.0008802237866962936,0.04382215338093027
10,0.0330676220040812,0.330676220040812,0.687768786320358,0.48079562000765946,-0.03481800178130162,-0.000252920945231142,0.04000605089900357
11,0.03637438420448932,0.32406269563999573,0.6910755485207661,0.46892513609206066,-0.0341810949905966,0.0003839858454738757,0.03642620544257512
12,0.039681146404897435,0.3174491712391795,0.6943823107211742,0.4571677105505207,-0.03353415825846237,0.0010309225776081027,0.03303714658743401
13,0.042987908605305554,0.3108356468383633,0.6976890729215823,0.44552173583102694,-0.03287673911939538,0.0016883417166751026,0.029804086940122963
14,0.04629467080571368,0.30422212243754704,0.7009958351219905,0.4339856347143702,-0.03220835634847167,0.0023567244875988148,0.026699727832719233
15,0.0496014330061218,0.2976085980367308,0.7043025973223986,0.42255785960206915,-0.03152849742416497,0.003036583411905511,0.023702167652371292
16,0.052908195206529916,0.29099507363591454,0.7076093595228067,0.41123689182426026,-0.03083661570622086,0.0037284651298496153,0.02079348439755178
17,0.056214957406938035,0.2843815492350983,0.7109161217232148,0.400021240966903,-0.030132127289267327,0.004432953546803152,0.01795874634473981
18,0.05952171960734615,0.2777680248342821,0.714222883923623,0.3889094442176762,-0.029414407486363908,0.005150673349706574,0.01518530338635252
19,0.06282848180775427,0.27115450043346584,0.717529646124031,0.37790006572995943,-0.028682786888963807,0.005882293947106673,0.012462267475497753
20,0.0661352440081624,0.2645409760326496,0.7208364083244392,0.3669916960043216,-0.027936546940509066,0.006628533895561415,0.009780123497049268
21,0.06944200620857051,0.2579274516318334,0.7241431705248473,0.35618295128695576,-0.02717491494974894,0.007390165886321539,0.007130431895594002
22,0.07274876840897863,0.2513139272310171,0.7274499327252554,0.34547247298452055,-0.026397058456428063,0.00816802237964242,0.0045055969277928605
23,0.07605553060938676,0.24470040283020086,0.7307566949256635,0.3348589270948699,-0.025602078845678323,0.008963001990392159,0.0018986824625913511
24,0.07936229280979487,0.23808687842938464,0.7340634571260717,0.3243410036531684,-0.02478900408755801,0.00977607674851247,-0.0006967374566670948
25,0.082669055010203,0.2314733540285684,0.7373702193264797,0.3139174161929107,-0.02395678045380714,0.01060830038226334,-0.00328670253569987
26,0.08597581721061111,0.22485982962775217,0.7406769815268879,0.3035869012213786,-0.02310426303385768,0.011460817802212796,-0.005876971485594915
27,0.08928257941101923,0.21824630522693592,0.743983743727296,0.2933482177090863,-0.022230204834931412,0.012334876001139064,-0.008473113817069885
28,0.09258934161142736,0.21163278082611967,0.7472905059277042,0.2832001465927815,-0.0213332442046884,0.013231836631382079,-0.0110805922538859
29,0.09589610381183547,0.20501925642530344,0.7505972681281122,0.27314149029158297,-0.020411890256734254,0.01415319057933623,-0.01370483908817863
30,0.0992028660122436,0.1984057320244872,0.7539040303285204,0.2631710722358523,-0.019464505905875448,0.015100574930195027,-0.01635132931001577
31,0.10250962821265171,0.19179220762367097,0.7572107925289285,0.2532877364084106,-0.018489288026667525,0.016075792809402956,-0.019025653060202027
32,0.10581639041305983,0.18517868322285472,0.7605175547293366,0.24349034689772367,-0.01748424412923279,0.017080836706837688,-0.021733589843975342
33,0.10912315261346796,0.17856515882203847,0.7638243169297447,0.23377778746269293,-0.016447164791942952,0.018117916044127533,-0.024481186987838185
34,0.11242991481387607,0.17195163442122224,0.7671310791301529,0.2241489611087033,-0.015375590889530997,0.019189489946539483,-0.027274845022798835
35,0.1157366770142842,0.165338110020406,0.770437841330561,0.214602789674588,-0.014266774391033934,0.020298306445036544,-0.030121413051241486
36,0.1190434392146923,0.15872458561958977,0.7737446035309691,0.20513821343018496,-0.013117631151454564,0.021447449684615913,-0.03302829773610275
37,0.12235020141510043,0.15211106121877352,0.7770513657313772,0.19575419068416844,-0.011924683651053678,0.022640397185016804,-0.03600359039764179
38,0.12565696361550854,0.1454975368179573,0.7803581279317853,0.18644969740185227,-0.010683990998892218,0.023881089837178262,-0.03905621790425501
39,0.12896372581591667,0.13888401241714105,0.7836648901321934,0.17722372683266854,-0.009391062642491281,0.0251740181935792,-0.0421961247351362
40,0.1322704880163248,0.1322704880163248,0.7869716523326016,0.16807528914703868,-0.008040751008844702,0.02652432982722578,-0.04543449597947795
41,0.13557725021673292,0.12565696361550854,0.7902784145330097,0.15900341108236088,-0.006627116585427041,0.027937964250643443,-0.048784034432889346
42,0.13888401241714102,0.11904343921469235,0.7935851767334178,0.15000713559784848,-0.0051432564895826345,0.029421824346487845,-0.0522593098421884
43,0.14219077461754914,0.1124299148138761,0.7968919389338259,0.14108552153796136,-0.003581083987460688,0.03098399684860979,-0.05587720549979422
44,0.14549753681795727,0.10581639041305985,0.8001987011342341,0.13223764330418358,-0.0019310410932637137,0.03263403974280676,-0.05965749802984964
45,0.1488042990183654,0.0992028660122436,0.8035054633346421,0.12346259053490444,-0.0001817182910559192,0.034383362545014555,-0.06362362236893283
46,0.15211106121877352,0.09258934161142734,0.8068122255350503,0.11475946779317239,0.0016806571425000234,0.0362457379785705,-0.06780369905853002
47,0.15541782341918162,0.08597581721061115,0.8101189877354584,0.10612739426209605,0.003672922769417968,0.03823800360548845,-0.07223194102192797
48,0.15872458561958974,0.0793622928097949,0.8134257499358666,0.09756550344767437,0.00581596403305347,0.04038104486912395,-0.07695062279380753
49,0.16203134781999787,0.07274876840897865,0.8167325121362746,0.08907294288884665,0.008136126059744458,0.042701206895814935,-0.08201290694350541
50,0.165338110020406,0.0661352440081624,0.8200392743366828,0.08064887387455702,0.010667300257076733,0.045232381093147214,-0.08748701980656111
51,0.16864487222081412,0.059521719607346146,0.8233460365370909,0.07229247116763736,0.013454114049078487,0.04801919488514897,-0.09346263323902443
52,0.17195163442122222,0.05290819520652995,0.826652798737499,0.0640029227353173,0.01655700723807575,0.05112208807414623,-0.10006101940324914
53,0.17525839662163034,0.0462946708057137,0.8299595609379071,0.05577942948617614,0.020060715938662488,0.05462579677473296,-0.10745202050144044
54,0.17856515882203847,0.03968114640489745,0.8332663231383153,0.04762120501335887,0.02408934079266102,0.058654421628731496,-0.11588418689674732
55,0.1818719210224466,0.0330676220040812,0.8365730853387234,0.03952747534388142,0.02883527795701222,0.0634003587930827,-0.12574264062498844
56,0.18517868322285472,0.026454097603264948,0.8398798475391315,0.031497478693858535,0.034620844963693956,0.06918592579976443,-0.13767232851199399
57,0.18848544542326282,0.019840573202448752,0.8431866097395396,0.02353046522949114,0.042050274347299244,0.07661535518336972,-0.1528820107025314
58,0.19179220762367094,0.013227048801632502,0.8464933719399477,0.01562569683365561,0.05248008745831259,0.08704516829438307,-0.17408500944980776
59,0.19509896982407907,0.006613524400816251,0.8498001341403558,0.007782446877943113,0.070238829882056,0.10480391071812648,-0.20993868101685959
