g of hydrolysis (eV),40.0,50.0,60.0,70.0,80.0
1.0,4.732477559856582e-05,1.904779860279668e-05,8.163021816458516e-06,3.7443302054360806e-06,1.8677016272159237e-06
1.05,0.00028486657623836236,0.0001072987094470333,4.2898974216037657e-05,1.8157409356735455e-05,8.144117722272821e-06
1.1,0.0017671646640352368,0.0006277310180595855,0.0002371479739064081,9.483033178962667e-05,3.9998710882039085e-05
1.15,0.011029516935748076,0.003700274949275029,0.0013243716949408555,0.0005030146768589646,0.00020172500876552372
1.2,0.06896366791510515,0.021857972465584862,0.0074177132403950635,0.0026782404573435907,0.0010235541655609992
1.25,0.4319171633948431,0.12933840904964203,0.04159384529890872,0.014273536671354847,0.005202291411129155
1.3,2.7103682791369126,0.7666345447504572,0.23360399397719814,0.07625291610524405,0.02648733770893079
1.35,17.004548684388407,4.542144845102735,1.3119270211083334,0.40691425266091213,0.13476687819987151
1.4,105.8368118122978,26.683291035747843,7.300225654014706,2.151646850784643,0.6789598960936465
1.45,625.8214648960206,148.86796830954114,38.57216000760634,10.800247861894352,3.247413896794237
