,folder,file,title,nucleus,nucleus_in_name,data_kind,acquired_at,duration_min,temperature_C,temperature_control,experiment,scans,relaxation_delay_s,pulse_angle_deg,noe,lock_solvent,spectrometer_MHz,data_md5,sample,hours_since_first,window,share,sigma_noise,sigma_baseline,sigma,share_local,share_poly1,share_poly3
0,5% TMSPa + 0.5v% H2O in EC-DEC,WW-NG-S1 TMSPa+H2O in EC-DEC_31P-1-1.jdf,WW-S1 TMSPA+H2O in EC-DEC,31P,31P,FID,2022-04-22 12:58:50,1.5166666666666666,22.3,TEMP OFF,carbon.jxp,16,5.0,45.0,FALSE,D2O,161.8346930872626,52752f329f5a5c4f766f26bfba5830a2,0.5 % H2O,18.863611111111112,TMSPA,0.9299932391087324,0.013047190695941456,0.014351343153074736,0.019395624129003076,0.9544446139284749,0.9299932391087324,0.9257419276223254
1,5% TMSPa + 0.5v% H2O in EC-DEC,WW-NG-S1 TMSPa+H2O in EC-DEC_31P-1-1.jdf,WW-S1 TMSPA+H2O in EC-DEC,31P,31P,FID,2022-04-22 12:58:50,1.5166666666666666,22.3,TEMP OFF,carbon.jxp,16,5.0,45.0,FALSE,D2O,161.8346930872626,52752f329f5a5c4f766f26bfba5830a2,0.5 % H2O,18.863611111111112,BMSPA,0.06020674597782629,0.007645310214119536,0.005091256636751036,0.009185404858327258,0.06020674597782629,0.0638851671262611,0.05370265385275903
2,5% TMSPa + 0.5v% H2O in EC-DEC,WW-NG-S1 TMSPa+H2O in EC-DEC_31P-1-1.jdf,WW-S1 TMSPA+H2O in EC-DEC,31P,31P,FID,2022-04-22 12:58:50,1.5166666666666666,22.3,TEMP OFF,carbon.jxp,16,5.0,45.0,FALSE,D2O,161.8346930872626,52752f329f5a5c4f766f26bfba5830a2,0.5 % H2O,18.863611111111112,MMSPA,-0.012788836128244737,0.007676714710961022,0.010681889907620012,0.013154266256694047,0.004957040168116218,-0.016406739647123806,-0.012788836128244737
3,5% TMSPa + 0.5v% H2O in EC-DEC,WW-NG-S1 TMSPa+H2O in EC-DEC_31P-1-1.jdf,WW-S1 TMSPA+H2O in EC-DEC,31P,31P,FID,2022-04-22 12:58:50,1.5166666666666666,22.3,TEMP OFF,carbon.jxp,16,5.0,45.0,FALSE,D2O,161.8346930872626,52752f329f5a5c4f766f26bfba5830a2,0.5 % H2O,18.863611111111112,H3PO4,0.022528333412130265,0.008393951867889904,0.026476327363788875,0.02777506685203418,-0.01960840007441739,0.022528333412130265,0.033344254653160356
4,5% TMSPa + 2v% H2O in EC-DEC/After Ramping Temperature,WW-NG 5%TMSPa+2v%H2O EC-DEC 22oC after 3oC House7_31P-1-1.jdf,WW-NG 5%TMSPa+2v%H2O EC-DEC 21oC after 3oC House7,31P,31P,FID,2022-06-22 18:09:08,1.5166666666666666,22.5,TEMP OFF,carbon.jxp,16,5.0,45.0,FALSE,DMSO-D6,161.8346930872626,fa6c807724485d88ac7f35c8e1da5abd,2 % H2O,0.07722222222222222,TMSPA,-0.0010711191791421023,0.009579827868393809,0.026443061048349828,0.02812487474807329,0.029684353855172825,-0.0010711191791421023,-0.02320176824152683
5,5% TMSPa + 2v% H2O in EC-DEC/After Ramping Temperature,WW-NG 5%TMSPa+2v%H2O EC-DEC 22oC after 3oC House7_31P-1-1.jdf,WW-NG 5%TMSPa+2v%H2O EC-DEC 21oC after 3oC House7,31P,31P,FID,2022-06-22 18:09:08,1.5166666666666666,22.5,TEMP OFF,carbon.jxp,16,5.0,45.0,FALSE,DMSO-D6,161.8346930872626,fa6c807724485d88ac7f35c8e1da5abd,2 % H2O,0.07722222222222222,BMSPA,0.047457097859505686,0.008191450112128174,0.03129924474126277,0.03235340130979972,-0.01388991370033328,0.04870857578219226,0.047457097859505686
6,5% TMSPa + 2v% H2O in EC-DEC/After Ramping Temperature,WW-NG 5%TMSPa+2v%H2O EC-DEC 22oC after 3oC House7_31P-1-1.jdf,WW-NG 5%TMSPa+2v%H2O EC-DEC 21oC after 3oC House7,31P,31P,FID,2022-06-22 18:09:08,1.5166666666666666,22.5,TEMP OFF,carbon.jxp,16,5.0,45.0,FALSE,DMSO-D6,161.8346930872626,fa6c807724485d88ac7f35c8e1da5abd,2 % H2O,0.07722222222222222,MMSPA,0.3110819331643747,0.007387601771917581,0.009612878619993909,0.01212369973659756,0.31248802084245175,0.29326226360246394,0.3110819331643747
7,5% TMSPa + 2v% H2O in EC-DEC/After Ramping Temperature,WW-NG 5%TMSPa+2v%H2O EC-DEC 22oC after 3oC House7_31P-1-1.jdf,WW-NG 5%TMSPa+2v%H2O EC-DEC 21oC after 3oC House7,31P,31P,FID,2022-06-22 18:09:08,1.5166666666666666,22.5,TEMP OFF,carbon.jxp,16,5.0,45.0,FALSE,DMSO-D6,161.8346930872626,fa6c807724485d88ac7f35c8e1da5abd,2 % H2O,0.07722222222222222,H3PO4,0.6646627372176465,0.010519494761115338,0.006308629604111438,0.012266155775588547,0.6717175390027087,0.6591002797944858,0.6646627372176465
8,5% TMSPa + 2v% H2O in EC-DEC/After Ramping Temperature,WW-NG 5%TMSPa+2v%H2O EC-DEC 22oC after 4oC_31P-1-1.jdf,WW-NG 5%TMSPa+2v%H2O EC-DEC 22oC after 4oC,31P,31P,FID,2022-06-24 03:09:41,22.433333333333334,22.3,TEMP OFF,carbon.jxp,256,5.0,45.0,FALSE,DMSO-D6,161.8346930872626,b12f6b39eb473f9535bce986ab8e74f7,2 % H2O,33.08638888888889,TMSPA,-0.009859303858699712,0.0028955033096626824,0.01302949173135183,0.013347344087631564,-0.009859303858699712,-0.0026155178330456866,-0.028674501295749347
9,5% TMSPa + 2v% H2O in EC-DEC/After Ramping Temperature,WW-NG 5%TMSPa+2v%H2O EC-DEC 22oC after 4oC_31P-1-1.jdf,WW-NG 5%TMSPa+2v%H2O EC-DEC 22oC after 4oC,31P,31P,FID,2022-06-24 03:09:41,22.433333333333334,22.3,TEMP OFF,carbon.jxp,256,5.0,45.0,FALSE,DMSO-D6,161.8346930872626,b12f6b39eb473f9535bce986ab8e74f7,2 % H2O,33.08638888888889,BMSPA,0.03345726954497662,0.002484942553782271,0.005875002747854694,0.00637891815144999,0.02507529525622212,0.03682530075193151,0.03345726954497662
10,5% TMSPa + 2v% H2O in EC-DEC/After Ramping Temperature,WW-NG 5%TMSPa+2v%H2O EC-DEC 22oC after 4oC_31P-1-1.jdf,WW-NG 5%TMSPa+2v%H2O EC-DEC 22oC after 4oC,31P,31P,FID,2022-06-24 03:09:41,22.433333333333334,22.3,TEMP OFF,carbon.jxp,256,5.0,45.0,FALSE,DMSO-D6,161.8346930872626,b12f6b39eb473f9535bce986ab8e74f7,2 % H2O,33.08638888888889,MMSPA,0.31944331951269156,0.0022246890373394503,0.011118781009709033,0.011339159248142015,0.3215175378760775,0.29927997585665944,0.31944331951269156
11,5% TMSPa + 2v% H2O in EC-DEC/After Ramping Temperature,WW-NG 5%TMSPa+2v%H2O EC-DEC 22oC after 4oC_31P-1-1.jdf,WW-NG 5%TMSPa+2v%H2O EC-DEC 22oC after 4oC,31P,31P,FID,2022-06-24 03:09:41,22.433333333333334,22.3,TEMP OFF,carbon.jxp,256,5.0,45.0,FALSE,DMSO-D6,161.8346930872626,b12f6b39eb473f9535bce986ab8e74f7,2 % H2O,33.08638888888889,H3PO4,0.6665102412244548,0.0031580634167379996,0.006253720755840464,0.007005882373846189,0.6632664707264001,0.6665102412244548,0.675773912238081
12,5% TMSPa + 2v% H2O in EC-DEC/After Ramping Temperature,WW-NG 5%TMSPa+2v%H2O EC-DEC 22oC after 5oC_31P-1-1.jdf,WW-NG 5%TMSPa+2v%H2O EC-DEC 22oC after 5oC,31P,31P,FID,2022-06-25 18:09:13,22.416666666666668,22.400000000000002,TEMP OFF,carbon.jxp,256,5.0,45.0,FALSE,DMSO-D6,161.8346930872626,cb3d50baf992bffe46d7b5b2a20f3511,2 % H2O,72.07861111111112,TMSPA,0.00029071678441279535,0.0030127120748098977,0.013026925211877018,0.013370759683785453,0.0020657868408660205,0.00029071678441279535,-0.023988063582888016
13,5% TMSPa + 2v% H2O in EC-DEC/After Ramping Temperature,WW-NG 5%TMSPa+2v%H2O EC-DEC 22oC after 5oC_31P-1-1.jdf,WW-NG 5%TMSPa+2v%H2O EC-DEC 22oC after 5oC,31P,31P,FID,2022-06-25 18:09:13,22.416666666666668,22.400000000000002,TEMP OFF,carbon.jxp,256,5.0,45.0,FALSE,DMSO-D6,161.8346930872626,cb3d50baf992bffe46d7b5b2a20f3511,2 % H2O,72.07861111111112,BMSPA,0.03343626542492922,0.002612132524417506,0.009540887355690494,0.009892005249649564,0.017860334016403207,0.036942108727784195,0.03343626542492922
14,5% TMSPa + 2v% H2O in EC-DEC/After Ramping Temperature,WW-NG 5%TMSPa+2v%H2O EC-DEC 22oC after 5oC_31P-1-1.jdf,WW-NG 5%TMSPa+2v%H2O EC-DEC 22oC after 5oC,31P,31P,FID,2022-06-25 18:09:13,22.416666666666668,22.400000000000002,TEMP OFF,carbon.jxp,256,5.0,45.0,FALSE,DMSO-D6,161.8346930872626,cb3d50baf992bffe46d7b5b2a20f3511,2 % H2O,72.07861111111112,MMSPA,0.3148079220219537,0.0023317229104807056,0.014154870130238195,0.014345636275020014,0.324490707490186,0.2961809672297096,0.3148079220219537
15,5% TMSPa + 2v% H2O in EC-DEC/After Ramping Temperature,WW-NG 5%TMSPa+2v%H2O EC-DEC 22oC after 5oC_31P-1-1.jdf,WW-NG 5%TMSPa+2v%H2O EC-DEC 22oC after 5oC,31P,31P,FID,2022-06-25 18:09:13,22.416666666666668,22.400000000000002,TEMP OFF,carbon.jxp,256,5.0,45.0,FALSE,DMSO-D6,161.8346930872626,cb3d50baf992bffe46d7b5b2a20f3511,2 % H2O,72.07861111111112,H3PO4,0.6665862072580934,0.003319927273416592,0.01008035224173015,0.010612983483362697,0.6555831716525448,0.6665862072580934,0.6757438761360051
16,5% TMSPa + 2v% H2O in EC-DEC/After Ramping Temperature,WW-NG 5%TMSPa+2v%H2O EC-DEC 22oC after 6oC_31P-1-1.jdf,WW-NG 5%TMSPa+2v%H2O EC-DEC 22oC after 6oC,31P,31P,FID,2022-06-26 18:09:29,22.416666666666668,22.5,TEMP OFF,carbon.jxp,256,5.0,45.0,FALSE,DMSO-D6,161.8346930872626,33031288dbe535b49b9f56a2fa040700,2 % H2O,96.08305555555556,TMSPA,0.008659637571293262,0.0028383408590444067,0.013827380724949219,0.01411568760439314,0.012077973000509248,0.008659637571293262,-0.015576788449389192
17,5% TMSPa + 2v% H2O in EC-DEC/After Ramping Temperature,WW-NG 5%TMSPa+2v%H2O EC-DEC 22oC after 6oC_31P-1-1.jdf,WW-NG 5%TMSPa+2v%H2O EC-DEC 22oC after 6oC,31P,31P,FID,2022-06-26 18:09:29,22.416666666666668,22.5,TEMP OFF,carbon.jxp,256,5.0,45.0,FALSE,DMSO-D6,161.8346930872626,33031288dbe535b49b9f56a2fa040700,2 % H2O,96.08305555555556,BMSPA,0.03589556282622141,0.002475940520521797,0.003494647064610173,0.004282854137996092,0.030489863236875952,0.0374791573660963,0.03589556282622141
18,5% TMSPa + 2v% H2O in EC-DEC/After Ramping Temperature,WW-NG 5%TMSPa+2v%H2O EC-DEC 22oC after 6oC_31P-1-1.jdf,WW-NG 5%TMSPa+2v%H2O EC-DEC 22oC after 6oC,31P,31P,FID,2022-06-26 18:09:29,22.416666666666668,22.5,TEMP OFF,carbon.jxp,256,5.0,45.0,FALSE,DMSO-D6,161.8346930872626,33031288dbe535b49b9f56a2fa040700,2 % H2O,96.08305555555556,MMSPA,0.31649274133421834,0.002217423630674686,0.012154960085433736,0.01235556644740992,0.3213884152957792,0.29707849512491175,0.31649274133421834
19,5% TMSPa + 2v% H2O in EC-DEC/After Ramping Temperature,WW-NG 5%TMSPa+2v%H2O EC-DEC 22oC after 6oC_31P-1-1.jdf,WW-NG 5%TMSPa+2v%H2O EC-DEC 22oC after 6oC,31P,31P,FID,2022-06-26 18:09:29,22.416666666666668,22.5,TEMP OFF,carbon.jxp,256,5.0,45.0,FALSE,DMSO-D6,161.8346930872626,33031288dbe535b49b9f56a2fa040700,2 % H2O,96.08305555555556,H3PO4,0.6567827099376988,0.0031192509250145086,0.013572367911056926,0.01392619463623468,0.6360437484668355,0.6567827099376988,0.6631884842889494
20,5% TMSPa + 2v% H2O in EC-DEC/After Ramping Temperature,WW-NG 5%TMSPa+2v%H2O EC-DEC 22oC after 7oC_31P-1-1.jdf,WW-NG 5%TMSPa+2v%H2O EC-DEC 22oC after 7oC,31P,31P,FID,2022-06-27 18:09:35,22.416666666666668,22.800000000000004,TEMP OFF,carbon.jxp,256,5.0,45.0,FALSE,DMSO-D6,161.8346930872626,e35a8f8ef93da6136e46280875ea19a0,2 % H2O,120.08472222222223,TMSPA,-0.002031060666575943,0.0028538639500671173,0.013145786311323154,0.013451997516668812,-0.002031060666575943,0.003254417475965682,-0.023037155146680626
21,5% TMSPa + 2v% H2O in EC-DEC/After Ramping Temperature,WW-NG 5%TMSPa+2v%H2O EC-DEC 22oC after 7oC_31P-1-1.jdf,WW-NG 5%TMSPa+2v%H2O EC-DEC 22oC after 7oC,31P,31P,FID,2022-06-27 18:09:35,22.416666666666668,22.800000000000004,TEMP OFF,carbon.jxp,256,5.0,45.0,FALSE,DMSO-D6,161.8346930872626,e35a8f8ef93da6136e46280875ea19a0,2 % H2O,120.08472222222223,BMSPA,0.0397880334356645,0.002454505128906889,0.0027099721353389117,0.003656302011889002,0.034754679794402575,0.0401746240650804,0.0397880334356645
22,5% TMSPa + 2v% H2O in EC-DEC/After Ramping Temperature,WW-NG 5%TMSPa+2v%H2O EC-DEC 22oC after 7oC_31P-1-1.jdf,WW-NG 5%TMSPa+2v%H2O EC-DEC 22oC after 7oC,31P,31P,FID,2022-06-27 18:09:35,22.416666666666668,22.800000000000004,TEMP OFF,carbon.jxp,256,5.0,45.0,FALSE,DMSO-D6,161.8346930872626,e35a8f8ef93da6136e46280875ea19a0,2 % H2O,120.08472222222223,MMSPA,0.3151206704105191,0.00220407709262766,0.010814814773448284,0.011037127090608374,0.3151206704105191,0.2984521132104618,0.32008174275735835
23,5% TMSPa + 2v% H2O in EC-DEC/After Ramping Temperature,WW-NG 5%TMSPa+2v%H2O EC-DEC 22oC after 7oC_31P-1-1.jdf,WW-NG 5%TMSPa+2v%H2O EC-DEC 22oC after 7oC,31P,31P,FID,2022-06-27 18:09:35,22.416666666666668,22.800000000000004,TEMP OFF,carbon.jxp,256,5.0,45.0,FALSE,DMSO-D6,161.8346930872626,e35a8f8ef93da6136e46280875ea19a0,2 % H2O,120.08472222222223,H3PO4,0.6581188452484922,0.00310778750517094,0.005505834246001817,0.006322385145002084,0.6521557104616542,0.6581188452484922,0.6631673789536578
24,5% TMSPa + 2v% H2O in EC-DEC/After Ramping Temperature,WW-NG 5%TMSPa+2v%H2O EC-DEC 22oC after 8oC_31P-1-1.jdf,WW-NG 5%TMSPa+2v%H2O EC-DEC 22oC after 8oC,31P,31P,FID,2022-06-28 19:10:11,22.416666666666668,22.9,TEMP OFF,carbon.jxp,256,5.0,45.0,FALSE,DMSO-D6,161.8346930872626,2c7179f6bbf35072b90f4fc9b2157d4d,2 % H2O,145.09472222222223,TMSPA,-0.00113765736316583,0.0029416888959683477,0.012027243189305018,0.012381765314176625,-0.00113765736316583,0.003565531194599489,-0.020488955184010546
25,5% TMSPa + 2v% H2O in EC-DEC/After Ramping Temperature,WW-NG 5%TMSPa+2v%H2O EC-DEC 22oC after 8oC_31P-1-1.jdf,WW-NG 5%TMSPa+2v%H2O EC-DEC 22oC after 8oC,31P,31P,FID,2022-06-28 19:10:11,22.416666666666668,22.9,TEMP OFF,carbon.jxp,256,5.0,45.0,FALSE,DMSO-D6,161.8346930872626,2c7179f6bbf35072b90f4fc9b2157d4d,2 % H2O,145.09472222222223,BMSPA,0.04181591614976129,0.002527725343132989,0.007225552524324889,0.0076549333564763684,0.027788278173922924,0.04181591614976129,0.0422393832225727
26,5% TMSPa + 2v% H2O in EC-DEC/After Ramping Temperature,WW-NG 5%TMSPa+2v%H2O EC-DEC 22oC after 8oC_31P-1-1.jdf,WW-NG 5%TMSPa+2v%H2O EC-DEC 22oC after 8oC,31P,31P,FID,2022-06-28 19:10:11,22.416666666666668,22.9,TEMP OFF,carbon.jxp,256,5.0,45.0,FALSE,DMSO-D6,161.8346930872626,2c7179f6bbf35072b90f4fc9b2157d4d,2 % H2O,145.09472222222223,MMSPA,0.3143935369194698,0.0022729227866742025,0.011981778042404967,0.012195457476111365,0.31822484261042944,0.2942612865256195,0.3143935369194698
27,5% TMSPa + 2v% H2O in EC-DEC/After Ramping Temperature,WW-NG 5%TMSPa+2v%H2O EC-DEC 22oC after 8oC_31P-1-1.jdf,WW-NG 5%TMSPa+2v%H2O EC-DEC 22oC after 8oC,31P,31P,FID,2022-06-28 19:10:11,22.416666666666668,22.9,TEMP OFF,carbon.jxp,256,5.0,45.0,FALSE,DMSO-D6,161.8346930872626,2c7179f6bbf35072b90f4fc9b2157d4d,2 % H2O,145.09472222222223,H3PO4,0.6603572661300198,0.003214386262047958,0.004365749231577287,0.005421443109971765,0.6551245365788135,0.6603572661300198,0.6638560350419681
28,5v%TMSPa in EDEC,NG230515_5v% TMSPa in EC_DEC_31P-1-2.jdf,NG230515_5v% TMSPa in EC:DEC,31P,31P,spectrum,2023-05-15 10:06:22,1.5166666666666666,21.8,TEMP OFF,carbon.jxp,16,5.0,45.0,FALSE,DMSO-D6,161.8346930872626,82c9b4eba8a3026f01908013082aef8d,TMSPa alone,0.052222222222222225,TMSPA,0.8065358372620249,0.048954573890580264,0.015631762458554188,0.05138971008255395,0.8125808888997896,0.8065358372620249,0.7813173639826813
29,5v%TMSPa in EDEC,NG230515_5v% TMSPa in EC_DEC_31P-1-2.jdf,NG230515_5v% TMSPa in EC:DEC,31P,31P,spectrum,2023-05-15 10:06:22,1.5166666666666666,21.8,TEMP OFF,carbon.jxp,16,5.0,45.0,FALSE,DMSO-D6,161.8346930872626,82c9b4eba8a3026f01908013082aef8d,TMSPa alone,0.052222222222222225,BMSPA,0.11846695750039166,0.031379069501134345,0.037493779654749884,0.0488920189351591,0.06123447492885378,0.11846695750039166,0.13622203423835355
30,5v%TMSPa in EDEC,NG230515_5v% TMSPa in EC_DEC_31P-1-2.jdf,NG230515_5v% TMSPa in EC:DEC,31P,31P,spectrum,2023-05-15 10:06:22,1.5166666666666666,21.8,TEMP OFF,carbon.jxp,16,5.0,45.0,FALSE,DMSO-D6,161.8346930872626,82c9b4eba8a3026f01908013082aef8d,TMSPa alone,0.052222222222222225,MMSPA,0.04963530362623267,0.030987939879713832,0.030504074973496963,0.04348276679303518,0.09001104021682811,0.029002890269834183,0.04963530362623267
31,5v%TMSPa in EDEC,NG230515_5v% TMSPa in EC_DEC_31P-1-2.jdf,NG230515_5v% TMSPa in EC:DEC,31P,31P,spectrum,2023-05-15 10:06:22,1.5166666666666666,21.8,TEMP OFF,carbon.jxp,16,5.0,45.0,FALSE,DMSO-D6,161.8346930872626,82c9b4eba8a3026f01908013082aef8d,TMSPa alone,0.052222222222222225,H3PO4,0.03617359595452839,0.03547353812410603,0.006584508407508315,0.0360794631059132,0.03617359595452839,0.04599431496774925,0.03282529815273262
32,5v%TMSPa+2v%TMSOH in ECDEC,230515_5v%TMSPa+2v%TMSOH in EC_DEC_31P-1-2.jdf,230515_5v%TMSPa+2v%TMSOH in EC:DEC,31P,31P,spectrum,2023-05-15 17:06:48,1.5166666666666666,21.700000000000003,TEMP OFF,carbon.jxp,16,5.0,45.0,FALSE,DMSO-D6,161.8346930872626,bab0cec0a2fcefe9ac06fd543de3c330,TMSPa + TMSOH (A),0.06138888888888889,TMSPA,0.10539472787193237,0.04288830855593961,0.00651816056441068,0.0433807956120323,0.10357628922540817,0.11661261035422953,0.10539472787193237
33,5v%TMSPa+2v%TMSOH in ECDEC,230515_5v%TMSPa+2v%TMSOH in EC_DEC_31P-1-2.jdf,230515_5v%TMSPa+2v%TMSOH in EC:DEC,31P,31P,spectrum,2023-05-15 17:06:48,1.5166666666666666,21.700000000000003,TEMP OFF,carbon.jxp,16,5.0,45.0,FALSE,DMSO-D6,161.8346930872626,bab0cec0a2fcefe9ac06fd543de3c330,TMSPa + TMSOH (A),0.06138888888888889,BMSPA,0.6873082266868205,0.05397833758032558,0.01640891195295663,0.05641731400390727,0.7172484556766272,0.6873082266868205,0.684430631770714
34,5v%TMSPa+2v%TMSOH in ECDEC,230515_5v%TMSPa+2v%TMSOH in EC_DEC_31P-1-2.jdf,230515_5v%TMSPa+2v%TMSOH in EC:DEC,31P,31P,spectrum,2023-05-15 17:06:48,1.5166666666666666,21.700000000000003,TEMP OFF,carbon.jxp,16,5.0,45.0,FALSE,DMSO-D6,161.8346930872626,bab0cec0a2fcefe9ac06fd543de3c330,TMSPa + TMSOH (A),0.06138888888888889,MMSPA,0.19408638444047493,0.03526903326001955,0.022642915019277635,0.04191188742667877,0.15496650207493562,0.19408638444047493,0.2002523321134909
35,5v%TMSPa+2v%TMSOH in ECDEC,230515_5v%TMSPa+2v%TMSOH in EC_DEC_31P-1-2.jdf,230515_5v%TMSPa+2v%TMSOH in EC:DEC,31P,31P,spectrum,2023-05-15 17:06:48,1.5166666666666666,21.700000000000003,TEMP OFF,carbon.jxp,16,5.0,45.0,FALSE,DMSO-D6,161.8346930872626,bab0cec0a2fcefe9ac06fd543de3c330,TMSPa + TMSOH (A),0.06138888888888889,H3PO4,0.009922308243862863,0.04438076722804125,0.0111079872522769,0.04574975279218813,0.024208753023028943,0.0019927785184751406,0.009922308243862863
36,NG230525_5v%TMSPa in EC_DEC_AFTER 10 DAYS,NG230525_5v%TMSPa in EC_DEC_31P-1-2.jdf,NG230525_5v%TMSPa in EC:DEC,31P,31P,spectrum,2023-05-25 12:55:55,1.5166666666666666,21.700000000000003,TEMP OFF,carbon.jxp,16,5.0,45.0,FALSE,DMSO-D6,161.8346930872626,6ae49d5784cd3be38c8d26e7a9e6f15d,TMSPa alone,242.87805555555556,TMSPA,0.23164425288002802,0.034638993300051525,0.03632858124291005,0.05019587305709236,0.3006498411960773,0.2279926787102572,0.23164425288002802
37,NG230525_5v%TMSPa in EC_DEC_AFTER 10 DAYS,NG230525_5v%TMSPa in EC_DEC_31P-1-2.jdf,NG230525_5v%TMSPa in EC:DEC,31P,31P,spectrum,2023-05-25 12:55:55,1.5166666666666666,21.700000000000003,TEMP OFF,carbon.jxp,16,5.0,45.0,FALSE,DMSO-D6,161.8346930872626,6ae49d5784cd3be38c8d26e7a9e6f15d,TMSPa alone,242.87805555555556,BMSPA,0.687859912612982,0.04676813595867206,0.01130594410876884,0.04811530851235851,0.670949974376911,0.6935618625944486,0.687859912612982
38,NG230525_5v%TMSPa in EC_DEC_AFTER 10 DAYS,NG230525_5v%TMSPa in EC_DEC_31P-1-2.jdf,NG230525_5v%TMSPa in EC:DEC,31P,31P,spectrum,2023-05-25 12:55:55,1.5166666666666666,21.700000000000003,TEMP OFF,carbon.jxp,16,5.0,45.0,FALSE,DMSO-D6,161.8346930872626,6ae49d5784cd3be38c8d26e7a9e6f15d,TMSPa alone,242.87805555555556,MMSPA,0.04155832997849692,0.032962665959310924,0.02987415728487912,0.04448598229360358,-0.0059102369660287675,0.05383807760372947,0.04155832997849692
39,NG230525_5v%TMSPa in EC_DEC_AFTER 10 DAYS,NG230525_5v%TMSPa in EC_DEC_31P-1-2.jdf,NG230525_5v%TMSPa in EC:DEC,31P,31P,spectrum,2023-05-25 12:55:55,1.5166666666666666,21.700000000000003,TEMP OFF,carbon.jxp,16,5.0,45.0,FALSE,DMSO-D6,161.8346930872626,6ae49d5784cd3be38c8d26e7a9e6f15d,TMSPa alone,242.87805555555556,H3PO4,0.03431042139304067,0.03754137898685357,0.007165061718464203,0.038219016806610454,0.03431042139304067,0.024607381091564722,0.03893750452849313
40,NG230530_5v%TMSPa+2v%TMSOH in EC_DEC_FRESH_Hus 7,NG230529_5v%TMSPa in 2v%TMSOH EC_DEC_fresh_31P-1-1.jdf,NG230529_5v%TMSPa in 2v%TMSOH EC:DEC_fresh,31P,31P,FID,2023-05-29 22:36:13,1.5166666666666666,21.900000000000006,TEMP OFF,carbon.jxp,16,5.0,45.0,FALSE,DMSO-D6,161.8346930872626,27c660a7f2c87aa48b816fcdb8d61927,TMSPa + TMSOH (B),2.0025,TMSPA,0.08260185302005738,0.0788235600298681,0.0651810560305368,0.10228256782579423,0.14280988283963833,0.012447770778564736,0.08260185302005738
41,NG230530_5v%TMSPa+2v%TMSOH in EC_DEC_FRESH_Hus 7,NG230529_5v%TMSPa in 2v%TMSOH EC_DEC_fresh_31P-1-1.jdf,NG230529_5v%TMSPa in 2v%TMSOH EC:DEC_fresh,31P,31P,FID,2023-05-29 22:36:13,1.5166666666666666,21.900000000000006,TEMP OFF,carbon.jxp,16,5.0,45.0,FALSE,DMSO-D6,161.8346930872626,27c660a7f2c87aa48b816fcdb8d61927,TMSPa + TMSOH (B),2.0025,BMSPA,0.911133037476481,0.1253801466830272,0.12306810169670457,0.17568704800721036,0.6738414993395035,0.911133037476481,0.9199777027329127
42,NG230530_5v%TMSPa+2v%TMSOH in EC_DEC_FRESH_Hus 7,NG230529_5v%TMSPa in 2v%TMSOH EC_DEC_fresh_31P-1-1.jdf,NG230529_5v%TMSPa in 2v%TMSOH EC:DEC_fresh,31P,31P,FID,2023-05-29 22:36:13,1.5166666666666666,21.900000000000006,TEMP OFF,carbon.jxp,16,5.0,45.0,FALSE,DMSO-D6,161.8346930872626,27c660a7f2c87aa48b816fcdb8d61927,TMSPa + TMSOH (B),2.0025,MMSPA,0.007787716620822729,0.0708653632571221,0.030837025324877164,0.07728403354154716,-0.0314251080135722,0.030248942636182125,0.007787716620822729
43,NG230530_5v%TMSPa+2v%TMSOH in EC_DEC_FRESH_Hus 7,NG230529_5v%TMSPa in 2v%TMSOH EC_DEC_fresh_31P-1-1.jdf,NG230529_5v%TMSPa in 2v%TMSOH EC:DEC_fresh,31P,31P,FID,2023-05-29 22:36:13,1.5166666666666666,21.900000000000006,TEMP OFF,carbon.jxp,16,5.0,45.0,FALSE,DMSO-D6,161.8346930872626,27c660a7f2c87aa48b816fcdb8d61927,TMSPa + TMSOH (B),2.0025,H3PO4,0.046170249108772175,0.07738817993722547,0.11257049910411154,0.1366054452155739,0.21477372583443033,0.046170249108772175,-0.01036727237379277
