,,parameter,observation,probes,status,time_basis,g_low_eV,g_high_eV,low_set_by,high_set_by,verdict
"M0 · capped BEP, one E0",0,all reactions,L1,hydrolysis,measured,files + assumed age,1.05390625,,bound,scan limit,lower bound only
"M0 · capped BEP, one E0",1,all reactions,L2,hydrolysis,measured,files + assumed age,,1.00859375,scan limit,bound,upper bound only
"M0 · capped BEP, one E0",2,all reactions,L3,transfer,measured,files + assumed age,,,no value,no value,no value in the scanned range
"M0 · capped BEP, one E0",3,all reactions,L4,solvent_attack,measured,files (80 °C spectra … gap),1.24921875,,bound,scan limit,lower bound only
"M0 · capped BEP, one E0",4,all reactions,L5,"solvent_attack, condensation",measured,"paper (8 h hold), assumed to be this sample",1.283614316804019,1.2992206197094562,bound,bound,bounded on both sides
"M0 · capped BEP, one E0",5,all reactions,E1,solvent_attack,derived,paper (1 week),1.24921875,,bound,scan limit,lower bound only
"M0 · capped BEP, one E0",6,all reactions,E4,transfer,assumed,assumed (not stated),,,no value,no value,no value in the scanned range
"M0 · Marcus, one g",0,all reactions,L1,hydrolysis,measured,files + assumed age,1.27890625,,bound,scan limit,lower bound only
"M0 · Marcus, one g",1,all reactions,L2,hydrolysis,measured,files + assumed age,,1.23828125,scan limit,bound,upper bound only
"M0 · Marcus, one g",2,all reactions,L3,transfer,measured,files + assumed age,0.6695312500000001,1.13671875,bound,bound,bounded on both sides
"M0 · Marcus, one g",3,all reactions,L4,solvent_attack,measured,files (80 °C spectra … gap),1.2726562499999998,,bound,scan limit,lower bound only
"M0 · Marcus, one g",4,all reactions,L5,"solvent_attack, condensation",measured,"paper (8 h hold), assumed to be this sample",1.307048077176526,1.3242206196862805,bound,bound,bounded on both sides
"M0 · Marcus, one g",5,all reactions,E1,solvent_attack,derived,paper (1 week),1.2726562499999998,,bound,scan limit,lower bound only
"M0 · Marcus, one g",6,all reactions,E4,transfer,assumed,assumed (not stated),,,no value,no value,no value in the scanned range
