,x_parameter,x_eV,y_parameter,y_eV,observation,consistent,violation
0,hydrolysis,1.0,transfer,0.7,L1,False,0.8912019712256969
1,hydrolysis,1.0,transfer,0.7,L2,True,0.0
2,hydrolysis,1.0,transfer,0.7,L3,True,0.0
3,hydrolysis,1.0,transfer,0.7,E4,True,0.0
4,hydrolysis,1.0,transfer,0.75,L1,False,0.8912019712294893
5,hydrolysis,1.0,transfer,0.75,L2,True,0.0
6,hydrolysis,1.0,transfer,0.75,L3,True,0.0
7,hydrolysis,1.0,transfer,0.75,E4,True,0.0
8,hydrolysis,1.0,transfer,0.8,L1,False,0.8912019712384098
9,hydrolysis,1.0,transfer,0.8,L2,True,0.0
10,hydrolysis,1.0,transfer,0.8,L3,True,0.0
11,hydrolysis,1.0,transfer,0.8,E4,True,0.0
12,hydrolysis,1.0,transfer,0.85,L1,False,0.8912019712852753
13,hydrolysis,1.0,transfer,0.85,L2,True,0.0
14,hydrolysis,1.0,transfer,0.85,L3,True,0.0
15,hydrolysis,1.0,transfer,0.85,E4,True,0.0
16,hydrolysis,1.0,transfer,0.9,L1,False,0.8912019715892999
17,hydrolysis,1.0,transfer,0.9,L2,True,0.0
18,hydrolysis,1.0,transfer,0.9,L3,True,0.0
19,hydrolysis,1.0,transfer,0.9,E4,True,0.0
20,hydrolysis,1.0,transfer,0.95,L1,False,0.8912019741571091
21,hydrolysis,1.0,transfer,0.95,L2,True,0.0
22,hydrolysis,1.0,transfer,0.95,L3,True,0.0
23,hydrolysis,1.0,transfer,0.95,E4,True,0.0
24,hydrolysis,1.0,transfer,1.0,L1,False,0.8912019454675016
25,hydrolysis,1.0,transfer,1.0,L2,True,0.0
26,hydrolysis,1.0,transfer,1.0,L3,True,0.0
27,hydrolysis,1.0,transfer,1.0,E4,True,0.0
28,hydrolysis,1.0,transfer,1.05,L1,False,0.8912018589966048
29,hydrolysis,1.0,transfer,1.05,L2,True,0.0
30,hydrolysis,1.0,transfer,1.05,L3,True,0.0
31,hydrolysis,1.0,transfer,1.05,E4,True,0.0
32,hydrolysis,1.0,transfer,1.1,L1,False,0.8912011862454302
33,hydrolysis,1.0,transfer,1.1,L2,True,0.0
34,hydrolysis,1.0,transfer,1.1,L3,True,0.0
35,hydrolysis,1.0,transfer,1.1,E4,True,0.0
36,hydrolysis,1.0,transfer,1.15,L1,False,0.8911994913066238
37,hydrolysis,1.0,transfer,1.15,L2,True,0.0
38,hydrolysis,1.0,transfer,1.15,L3,False,0.05947030069184783
39,hydrolysis,1.0,transfer,1.15,E4,False,0.11347008190913965
40,hydrolysis,1.0,transfer,1.2,L1,False,0.8911984572707518
41,hydrolysis,1.0,transfer,1.2,L2,True,0.0
42,hydrolysis,1.0,transfer,1.2,L3,False,0.5479430951499337
43,hydrolysis,1.0,transfer,1.2,E4,False,0.5904824000639417
44,hydrolysis,1.0,transfer,1.25,L1,False,0.8911982363373464
45,hydrolysis,1.0,transfer,1.25,L2,True,0.0
46,hydrolysis,1.0,transfer,1.25,L3,False,0.7616626967106245
47,hydrolysis,1.0,transfer,1.25,E4,False,0.8776223025470259
48,hydrolysis,1.0,transfer,1.3,L1,False,0.8911982028317124
49,hydrolysis,1.0,transfer,1.3,L2,True,0.0
50,hydrolysis,1.0,transfer,1.3,L3,False,0.8010749710382526
51,hydrolysis,1.0,transfer,1.3,E4,False,0.9389237026835534
52,hydrolysis,1.0,transfer,1.35,L1,False,0.8911981980368131
53,hydrolysis,1.0,transfer,1.35,L2,True,0.0
54,hydrolysis,1.0,transfer,1.35,L3,False,0.8068825627402505
55,hydrolysis,1.0,transfer,1.35,E4,False,0.9483872094400413
56,hydrolysis,1.0,transfer,1.4,L1,False,0.8911981973568621
57,hydrolysis,1.0,transfer,1.4,L2,True,0.0
58,hydrolysis,1.0,transfer,1.4,L3,False,0.8077072457763516
59,hydrolysis,1.0,transfer,1.4,E4,False,0.9497658505707678
60,hydrolysis,1.05,transfer,0.7,L1,False,0.8912016022456897
61,hydrolysis,1.05,transfer,0.7,L2,True,0.0
62,hydrolysis,1.05,transfer,0.7,L3,True,0.0
63,hydrolysis,1.05,transfer,0.7,E4,True,0.0
64,hydrolysis,1.05,transfer,0.75,L1,False,0.8912016025950183
65,hydrolysis,1.05,transfer,0.75,L2,True,0.0
66,hydrolysis,1.05,transfer,0.75,L3,True,0.0
67,hydrolysis,1.05,transfer,0.75,E4,True,0.0
68,hydrolysis,1.05,transfer,0.8,L1,False,0.8912016040805913
69,hydrolysis,1.05,transfer,0.8,L2,True,0.0
70,hydrolysis,1.05,transfer,0.8,L3,True,0.0
71,hydrolysis,1.05,transfer,0.8,E4,True,0.0
72,hydrolysis,1.05,transfer,0.85,L1,False,0.8912016081658466
73,hydrolysis,1.05,transfer,0.85,L2,True,0.0
74,hydrolysis,1.05,transfer,0.85,L3,True,0.0
75,hydrolysis,1.05,transfer,0.85,E4,True,0.0
76,hydrolysis,1.05,transfer,0.9,L1,False,0.8912016298122473
77,hydrolysis,1.05,transfer,0.9,L2,True,0.0
78,hydrolysis,1.05,transfer,0.9,L3,True,0.0
79,hydrolysis,1.05,transfer,0.9,E4,True,0.0
80,hydrolysis,1.05,transfer,0.95,L1,False,0.8912017278549592
81,hydrolysis,1.05,transfer,0.95,L2,True,0.0
82,hydrolysis,1.05,transfer,0.95,L3,True,0.0
83,hydrolysis,1.05,transfer,0.95,E4,True,0.0
84,hydrolysis,1.05,transfer,1.0,L1,False,0.8912018938341206
85,hydrolysis,1.05,transfer,1.0,L2,True,0.0
86,hydrolysis,1.05,transfer,1.0,L3,True,0.0
87,hydrolysis,1.05,transfer,1.0,E4,True,0.0
88,hydrolysis,1.05,transfer,1.05,L1,False,0.8912019405721805
89,hydrolysis,1.05,transfer,1.05,L2,True,0.0
90,hydrolysis,1.05,transfer,1.05,L3,True,0.0
91,hydrolysis,1.05,transfer,1.05,E4,True,0.0
92,hydrolysis,1.05,transfer,1.1,L1,False,0.8912018978592581
93,hydrolysis,1.05,transfer,1.1,L2,True,0.0
94,hydrolysis,1.05,transfer,1.1,L3,True,0.0
95,hydrolysis,1.05,transfer,1.1,E4,True,0.0
96,hydrolysis,1.05,transfer,1.15,L1,False,0.8912017826372421
97,hydrolysis,1.05,transfer,1.15,L2,True,0.0
98,hydrolysis,1.05,transfer,1.15,L3,False,0.05947755423730883
99,hydrolysis,1.05,transfer,1.15,E4,False,0.11348552164796577
100,hydrolysis,1.05,transfer,1.2,L1,False,0.891201739040801
101,hydrolysis,1.05,transfer,1.2,L2,True,0.0
102,hydrolysis,1.05,transfer,1.2,L3,False,0.5479439241428026
103,hydrolysis,1.05,transfer,1.2,E4,False,0.5904851341263597
104,hydrolysis,1.05,transfer,1.25,L1,False,0.891201731491694
105,hydrolysis,1.05,transfer,1.25,L2,True,0.0
106,hydrolysis,1.05,transfer,1.25,L3,False,0.761662723338695
107,hydrolysis,1.05,transfer,1.25,E4,False,0.8776224108107907
108,hydrolysis,1.05,transfer,1.3,L1,False,0.8912017303887524
109,hydrolysis,1.05,transfer,1.3,L2,True,0.0
110,hydrolysis,1.05,transfer,1.3,L3,False,0.8010749728830823
111,hydrolysis,1.05,transfer,1.3,E4,False,0.9389237067600065
112,hydrolysis,1.05,transfer,1.35,L1,False,0.891201730231874
113,hydrolysis,1.05,transfer,1.35,L2,True,0.0
114,hydrolysis,1.05,transfer,1.35,L3,False,0.8068825640621369
115,hydrolysis,1.05,transfer,1.35,E4,False,0.9483872111197006
116,hydrolysis,1.05,transfer,1.4,L1,False,0.8912017302096585
117,hydrolysis,1.05,transfer,1.4,L2,True,0.0
118,hydrolysis,1.05,transfer,1.4,L3,False,0.8077072470886594
119,hydrolysis,1.05,transfer,1.4,E4,False,0.9497658522018225
120,hydrolysis,1.1,transfer,0.7,L1,False,0.8911935477268746
121,hydrolysis,1.1,transfer,0.7,L2,True,0.0
122,hydrolysis,1.1,transfer,0.7,L3,True,0.0
123,hydrolysis,1.1,transfer,0.7,E4,True,0.0
124,hydrolysis,1.1,transfer,0.75,L1,False,0.8911935548514256
125,hydrolysis,1.1,transfer,0.75,L2,True,0.0
126,hydrolysis,1.1,transfer,0.75,L3,True,0.0
127,hydrolysis,1.1,transfer,0.75,E4,True,0.0
128,hydrolysis,1.1,transfer,0.8,L1,False,0.8911936106911539
129,hydrolysis,1.1,transfer,0.8,L2,True,0.0
130,hydrolysis,1.1,transfer,0.8,L3,True,0.0
131,hydrolysis,1.1,transfer,0.8,E4,True,0.0
132,hydrolysis,1.1,transfer,0.85,L1,False,0.8911939060522032
133,hydrolysis,1.1,transfer,0.85,L2,True,0.0
134,hydrolysis,1.1,transfer,0.85,L3,True,0.0
135,hydrolysis,1.1,transfer,0.85,E4,True,0.0
136,hydrolysis,1.1,transfer,0.9,L1,False,0.8911951749976391
137,hydrolysis,1.1,transfer,0.9,L2,True,0.0
138,hydrolysis,1.1,transfer,0.9,L3,True,0.0
139,hydrolysis,1.1,transfer,0.9,E4,True,0.0
140,hydrolysis,1.1,transfer,0.95,L1,False,0.8911987141601366
141,hydrolysis,1.1,transfer,0.95,L2,True,0.0
142,hydrolysis,1.1,transfer,0.95,L3,True,0.0
143,hydrolysis,1.1,transfer,0.95,E4,True,0.0
144,hydrolysis,1.1,transfer,1.0,L1,False,0.8912013208137088
145,hydrolysis,1.1,transfer,1.0,L2,True,0.0
146,hydrolysis,1.1,transfer,1.0,L3,True,0.0
147,hydrolysis,1.1,transfer,1.0,E4,True,0.0
148,hydrolysis,1.1,transfer,1.05,L1,False,0.8912018862955572
149,hydrolysis,1.1,transfer,1.05,L2,True,0.0
150,hydrolysis,1.1,transfer,1.05,L3,True,0.0
151,hydrolysis,1.1,transfer,1.05,E4,True,0.0
152,hydrolysis,1.1,transfer,1.1,L1,False,0.8912019717220393
153,hydrolysis,1.1,transfer,1.1,L2,True,0.0
154,hydrolysis,1.1,transfer,1.1,L3,True,0.0
155,hydrolysis,1.1,transfer,1.1,E4,True,0.0
156,hydrolysis,1.1,transfer,1.15,L1,False,0.8912019749935381
157,hydrolysis,1.1,transfer,1.15,L2,True,0.0
158,hydrolysis,1.1,transfer,1.15,L3,False,0.05947856975850507
159,hydrolysis,1.1,transfer,1.15,E4,False,0.11348774104336046
160,hydrolysis,1.1,transfer,1.2,L1,False,0.8912019737264218
161,hydrolysis,1.1,transfer,1.2,L2,True,0.0
162,hydrolysis,1.1,transfer,1.2,L3,False,0.5479440435513847
163,hydrolysis,1.1,transfer,1.2,E4,False,0.5904855334521779
164,hydrolysis,1.1,transfer,1.25,L1,False,0.8912019734805542
165,hydrolysis,1.1,transfer,1.25,L2,True,0.0
166,hydrolysis,1.1,transfer,1.25,L3,False,0.7616627357593071
167,hydrolysis,1.1,transfer,1.25,E4,False,0.8776224367983231
168,hydrolysis,1.1,transfer,1.3,L1,False,0.891201973444223
169,hydrolysis,1.1,transfer,1.3,L2,True,0.0
170,hydrolysis,1.1,transfer,1.3,L3,False,0.8010749820788002
171,hydrolysis,1.1,transfer,1.3,E4,False,0.9389237181689255
172,hydrolysis,1.1,transfer,1.35,L1,False,0.8912019734390495
173,hydrolysis,1.1,transfer,1.35,L2,True,0.0
174,hydrolysis,1.1,transfer,1.35,L3,False,0.8068825732272417
175,hydrolysis,1.1,transfer,1.35,E4,False,0.9483872222634367
176,hydrolysis,1.1,transfer,1.4,L1,False,0.891201973438317
177,hydrolysis,1.1,transfer,1.4,L2,True,0.0
178,hydrolysis,1.1,transfer,1.4,L3,False,0.8077072562586185
179,hydrolysis,1.1,transfer,1.4,E4,False,0.9497658633511482
180,hydrolysis,1.15,transfer,0.7,L1,False,0.8911351063436401
181,hydrolysis,1.15,transfer,0.7,L2,True,0.0
182,hydrolysis,1.15,transfer,0.7,L3,True,0.0
183,hydrolysis,1.15,transfer,0.7,E4,True,0.0
184,hydrolysis,1.15,transfer,0.75,L1,False,0.8911351718865673
185,hydrolysis,1.15,transfer,0.75,L2,True,0.0
186,hydrolysis,1.15,transfer,0.75,L3,True,0.0
187,hydrolysis,1.15,transfer,0.75,E4,True,0.0
188,hydrolysis,1.15,transfer,0.8,L1,False,0.8911356412011853
189,hydrolysis,1.15,transfer,0.8,L2,True,0.0
190,hydrolysis,1.15,transfer,0.8,L3,True,0.0
191,hydrolysis,1.15,transfer,0.8,E4,True,0.0
192,hydrolysis,1.15,transfer,0.85,L1,False,0.8911390743949025
193,hydrolysis,1.15,transfer,0.85,L2,True,0.0
194,hydrolysis,1.15,transfer,0.85,L3,True,0.0
195,hydrolysis,1.15,transfer,0.85,E4,True,0.0
196,hydrolysis,1.15,transfer,0.9,L1,False,0.8911535075231124
197,hydrolysis,1.15,transfer,0.9,L2,True,0.0
198,hydrolysis,1.15,transfer,0.9,L3,True,0.0
199,hydrolysis,1.15,transfer,0.9,E4,True,0.0
200,hydrolysis,1.15,transfer,0.95,L1,False,0.8911801315233295
201,hydrolysis,1.15,transfer,0.95,L2,True,0.0
202,hydrolysis,1.15,transfer,0.95,L3,True,0.0
203,hydrolysis,1.15,transfer,0.95,E4,True,0.0
204,hydrolysis,1.15,transfer,1.0,L1,False,0.8911974399611111
205,hydrolysis,1.15,transfer,1.0,L2,True,0.0
206,hydrolysis,1.15,transfer,1.0,L3,True,0.0
207,hydrolysis,1.15,transfer,1.0,E4,True,0.0
208,hydrolysis,1.15,transfer,1.05,L1,False,0.8912013565977066
209,hydrolysis,1.15,transfer,1.05,L2,True,0.0
210,hydrolysis,1.15,transfer,1.05,L3,True,0.0
211,hydrolysis,1.15,transfer,1.05,E4,True,0.0
212,hydrolysis,1.15,transfer,1.1,L1,False,0.8912018681502835
213,hydrolysis,1.15,transfer,1.1,L2,True,0.0
214,hydrolysis,1.15,transfer,1.1,L3,True,0.0
215,hydrolysis,1.15,transfer,1.1,E4,True,0.0
216,hydrolysis,1.15,transfer,1.15,L1,False,0.8911747887974668
217,hydrolysis,1.15,transfer,1.15,L2,True,0.0
218,hydrolysis,1.15,transfer,1.15,L3,False,0.05947873811635729
219,hydrolysis,1.15,transfer,1.15,E4,False,0.11348807987732223
220,hydrolysis,1.15,transfer,1.2,L1,False,0.8910685057503686
221,hydrolysis,1.15,transfer,1.2,L2,True,0.0
222,hydrolysis,1.15,transfer,1.2,L3,False,0.5479441155353165
223,hydrolysis,1.15,transfer,1.2,E4,False,0.5904856491958581
224,hydrolysis,1.15,transfer,1.25,L1,False,0.891029310848983
225,hydrolysis,1.15,transfer,1.25,L2,True,0.0
226,hydrolysis,1.15,transfer,1.25,L3,False,0.761662798199222
227,hydrolysis,1.15,transfer,1.25,E4,False,0.8776225110719492
228,hydrolysis,1.15,transfer,1.3,L1,False,0.8910227451905978
229,hydrolysis,1.15,transfer,1.3,L2,True,0.0
230,hydrolysis,1.15,transfer,1.3,L3,False,0.8010750459815956
231,hydrolysis,1.15,transfer,1.3,E4,False,0.9389237939811104
232,hydrolysis,1.15,transfer,1.35,L1,False,0.8910217911934603
233,hydrolysis,1.15,transfer,1.35,L2,True,0.0
234,hydrolysis,1.15,transfer,1.35,L3,False,0.8068826374060908
235,hydrolysis,1.15,transfer,1.35,E4,False,0.9483872985990205
236,hydrolysis,1.15,transfer,1.4,L1,False,0.8910216555420517
237,hydrolysis,1.15,transfer,1.4,L2,True,0.0
238,hydrolysis,1.15,transfer,1.4,L3,False,0.8077073204778096
239,hydrolysis,1.15,transfer,1.4,E4,False,0.9497659397692706
240,hydrolysis,1.2,transfer,0.7,L1,False,0.8768337525289793
241,hydrolysis,1.2,transfer,0.7,L2,True,0.0
242,hydrolysis,1.2,transfer,0.7,L3,True,0.0
243,hydrolysis,1.2,transfer,0.7,E4,True,0.0
244,hydrolysis,1.2,transfer,0.75,L1,False,0.8768334014158128
245,hydrolysis,1.2,transfer,0.75,L2,True,0.0
246,hydrolysis,1.2,transfer,0.75,L3,True,0.0
247,hydrolysis,1.2,transfer,0.75,E4,True,0.0
248,hydrolysis,1.2,transfer,0.8,L1,False,0.8768309382247061
249,hydrolysis,1.2,transfer,0.8,L2,True,0.0
250,hydrolysis,1.2,transfer,0.8,L3,True,0.0
251,hydrolysis,1.2,transfer,0.8,E4,True,0.0
252,hydrolysis,1.2,transfer,0.85,L1,False,0.8768123274966824
253,hydrolysis,1.2,transfer,0.85,L2,True,0.0
254,hydrolysis,1.2,transfer,0.85,L3,True,0.0
255,hydrolysis,1.2,transfer,0.85,E4,True,0.0
256,hydrolysis,1.2,transfer,0.9,L1,False,0.8765077725416971
257,hydrolysis,1.2,transfer,0.9,L2,True,0.0
258,hydrolysis,1.2,transfer,0.9,L3,True,0.0
259,hydrolysis,1.2,transfer,0.9,E4,True,0.0
260,hydrolysis,1.2,transfer,0.95,L1,False,0.8749707141006832
261,hydrolysis,1.2,transfer,0.95,L2,True,0.0
262,hydrolysis,1.2,transfer,0.95,L3,True,0.0
263,hydrolysis,1.2,transfer,0.95,E4,True,0.0
264,hydrolysis,1.2,transfer,1.0,L1,False,0.8742967768344331
265,hydrolysis,1.2,transfer,1.0,L2,True,0.0
266,hydrolysis,1.2,transfer,1.0,L3,True,0.0
267,hydrolysis,1.2,transfer,1.0,E4,True,0.0
268,hydrolysis,1.2,transfer,1.05,L1,False,0.8738279223894513
269,hydrolysis,1.2,transfer,1.05,L2,True,0.0
270,hydrolysis,1.2,transfer,1.05,L3,True,0.0
271,hydrolysis,1.2,transfer,1.05,E4,True,0.0
272,hydrolysis,1.2,transfer,1.1,L1,False,0.8680393042810346
273,hydrolysis,1.2,transfer,1.1,L2,True,0.0
274,hydrolysis,1.2,transfer,1.1,L3,True,0.0
275,hydrolysis,1.2,transfer,1.1,E4,True,0.0
276,hydrolysis,1.2,transfer,1.15,L1,False,0.8119159014456498
277,hydrolysis,1.2,transfer,1.15,L2,True,0.0
278,hydrolysis,1.2,transfer,1.15,L3,False,0.059478886446325874
279,hydrolysis,1.2,transfer,1.15,E4,False,0.11348826697815373
280,hydrolysis,1.2,transfer,1.2,L1,False,0.7430200017601586
281,hydrolysis,1.2,transfer,1.2,L2,True,0.0
282,hydrolysis,1.2,transfer,1.2,L3,False,0.547944409597665
283,hydrolysis,1.2,transfer,1.2,E4,False,0.5904860220257402
284,hydrolysis,1.2,transfer,1.25,L1,False,0.723880404149742
285,hydrolysis,1.2,transfer,1.25,L2,True,0.0
286,hydrolysis,1.2,transfer,1.25,L3,False,0.7616631459807808
287,hydrolysis,1.2,transfer,1.25,E4,False,0.8776229719842427
288,hydrolysis,1.2,transfer,1.3,L1,False,0.7208107407162204
289,hydrolysis,1.2,transfer,1.3,L2,True,0.0
290,hydrolysis,1.2,transfer,1.3,L3,False,0.801075403879607
291,hydrolysis,1.2,transfer,1.3,E4,False,0.9389242745859544
292,hydrolysis,1.2,transfer,1.35,L1,False,0.7203674565228659
293,hydrolysis,1.2,transfer,1.35,L2,True,0.0
294,hydrolysis,1.2,transfer,1.35,L3,False,0.8068829968001211
295,hydrolysis,1.2,transfer,1.35,E4,False,0.9483877822764666
296,hydrolysis,1.2,transfer,1.4,L1,False,0.7203044799771806
297,hydrolysis,1.2,transfer,1.4,L2,True,0.0
298,hydrolysis,1.2,transfer,1.4,L3,False,0.8077076800844024
299,hydrolysis,1.2,transfer,1.4,E4,False,0.9497664238949585
300,hydrolysis,1.25,transfer,0.7,L1,False,0.3893364985586474
301,hydrolysis,1.25,transfer,0.7,L2,True,0.0
302,hydrolysis,1.25,transfer,0.7,L3,True,0.0
303,hydrolysis,1.25,transfer,0.7,E4,True,0.0
304,hydrolysis,1.25,transfer,0.75,L1,False,0.38933596205182497
305,hydrolysis,1.25,transfer,0.75,L2,True,0.0
306,hydrolysis,1.25,transfer,0.75,L3,True,0.0
307,hydrolysis,1.25,transfer,0.75,E4,True,0.0
308,hydrolysis,1.25,transfer,0.8,L1,False,0.38933197940286135
309,hydrolysis,1.25,transfer,0.8,L2,True,0.0
310,hydrolysis,1.25,transfer,0.8,L3,True,0.0
311,hydrolysis,1.25,transfer,0.8,E4,True,0.0
312,hydrolysis,1.25,transfer,0.85,L1,False,0.389299610660505
313,hydrolysis,1.25,transfer,0.85,L2,True,0.0
314,hydrolysis,1.25,transfer,0.85,L3,True,0.0
315,hydrolysis,1.25,transfer,0.85,E4,True,0.0
316,hydrolysis,1.25,transfer,0.9,L1,False,0.3890970081984426
317,hydrolysis,1.25,transfer,0.9,L2,True,0.0
318,hydrolysis,1.25,transfer,0.9,L3,True,0.0
319,hydrolysis,1.25,transfer,0.9,E4,True,0.0
320,hydrolysis,1.25,transfer,0.95,L1,False,0.38889661930776753
321,hydrolysis,1.25,transfer,0.95,L2,True,0.0
322,hydrolysis,1.25,transfer,0.95,L3,True,0.0
323,hydrolysis,1.25,transfer,0.95,E4,True,0.0
324,hydrolysis,1.25,transfer,1.0,L1,False,0.3886289750607168
325,hydrolysis,1.25,transfer,1.0,L2,True,0.0
326,hydrolysis,1.25,transfer,1.0,L3,True,0.0
327,hydrolysis,1.25,transfer,1.0,E4,True,0.0
328,hydrolysis,1.25,transfer,1.05,L1,False,0.3869547559097001
329,hydrolysis,1.25,transfer,1.05,L2,True,0.0
330,hydrolysis,1.25,transfer,1.05,L3,True,0.0
331,hydrolysis,1.25,transfer,1.05,E4,True,0.0
332,hydrolysis,1.25,transfer,1.1,L1,False,0.37422717890414436
333,hydrolysis,1.25,transfer,1.1,L2,True,0.0
334,hydrolysis,1.25,transfer,1.1,L3,True,0.0
335,hydrolysis,1.25,transfer,1.1,E4,True,0.0
336,hydrolysis,1.25,transfer,1.15,L1,False,0.2912603299330543
337,hydrolysis,1.25,transfer,1.15,L2,False,0.017170754111945942
338,hydrolysis,1.25,transfer,1.15,L3,False,0.05947896686662951
339,hydrolysis,1.25,transfer,1.15,E4,False,0.1134883842563057
340,hydrolysis,1.25,transfer,1.2,L1,False,0.20485718050614476
341,hydrolysis,1.25,transfer,1.2,L2,False,0.08331242074198916
342,hydrolysis,1.25,transfer,1.2,L3,False,0.5479446852754449
343,hydrolysis,1.25,transfer,1.2,E4,False,0.5904865381026568
344,hydrolysis,1.25,transfer,1.25,L1,False,0.18394562169462303
345,hydrolysis,1.25,transfer,1.25,L2,False,0.10402601284373322
346,hydrolysis,1.25,transfer,1.25,L3,False,0.761663508344602
347,hydrolysis,1.25,transfer,1.25,E4,False,0.8776237190929981
348,hydrolysis,1.25,transfer,1.3,L1,False,0.1806970761032809
349,hydrolysis,1.25,transfer,1.3,L2,False,0.10745195976731892
350,hydrolysis,1.25,transfer,1.3,L3,False,0.8010757822261376
351,hydrolysis,1.25,transfer,1.3,E4,False,0.9389250702277928
352,hydrolysis,1.25,transfer,1.35,L1,False,0.18023026102205375
353,hydrolysis,1.25,transfer,1.35,L2,False,0.10794968049125245
354,hydrolysis,1.25,transfer,1.35,L3,False,0.8068833775014667
355,hydrolysis,1.25,transfer,1.35,E4,False,0.9483885853900239
356,hydrolysis,1.25,transfer,1.4,L1,False,0.18016398822461066
357,hydrolysis,1.25,transfer,1.4,L2,False,0.10802053256796318
358,hydrolysis,1.25,transfer,1.4,L3,False,0.8077080611201217
359,hydrolysis,1.25,transfer,1.4,E4,False,0.9497672280965768
360,hydrolysis,1.3,transfer,0.7,L1,True,0.0
361,hydrolysis,1.3,transfer,0.7,L2,False,0.519938136974865
362,hydrolysis,1.3,transfer,0.7,L3,True,0.0
363,hydrolysis,1.3,transfer,0.7,E4,True,0.0
364,hydrolysis,1.3,transfer,0.75,L1,True,0.0
365,hydrolysis,1.3,transfer,0.75,L2,False,0.519938537963199
366,hydrolysis,1.3,transfer,0.75,L3,True,0.0
367,hydrolysis,1.3,transfer,0.75,E4,True,0.0
368,hydrolysis,1.3,transfer,0.8,L1,True,0.0
369,hydrolysis,1.3,transfer,0.8,L2,False,0.5199414290730379
370,hydrolysis,1.3,transfer,0.8,L3,True,0.0
371,hydrolysis,1.3,transfer,0.8,E4,True,0.0
372,hydrolysis,1.3,transfer,0.85,L1,True,0.0
373,hydrolysis,1.3,transfer,0.85,L2,False,0.5199640944374997
374,hydrolysis,1.3,transfer,0.85,L3,True,0.0
375,hydrolysis,1.3,transfer,0.85,E4,True,0.0
376,hydrolysis,1.3,transfer,0.9,L1,True,0.0
377,hydrolysis,1.3,transfer,0.9,L2,False,0.5201015514115641
378,hydrolysis,1.3,transfer,0.9,L3,True,0.0
379,hydrolysis,1.3,transfer,0.9,E4,True,0.0
380,hydrolysis,1.3,transfer,0.95,L1,True,0.0
381,hydrolysis,1.3,transfer,0.95,L2,False,0.5202446197206644
382,hydrolysis,1.3,transfer,0.95,L3,True,0.0
383,hydrolysis,1.3,transfer,0.95,E4,True,0.0
384,hydrolysis,1.3,transfer,1.0,L1,True,0.0
385,hydrolysis,1.3,transfer,1.0,L2,False,0.5204431652090429
386,hydrolysis,1.3,transfer,1.0,L3,True,0.0
387,hydrolysis,1.3,transfer,1.0,E4,True,0.0
388,hydrolysis,1.3,transfer,1.05,L1,True,0.0
389,hydrolysis,1.3,transfer,1.05,L2,False,0.5216803904078842
390,hydrolysis,1.3,transfer,1.05,L3,True,0.0
391,hydrolysis,1.3,transfer,1.05,E4,True,0.0
392,hydrolysis,1.3,transfer,1.1,L1,True,0.0
393,hydrolysis,1.3,transfer,1.1,L2,False,0.5306896652613605
394,hydrolysis,1.3,transfer,1.1,L3,True,0.0
395,hydrolysis,1.3,transfer,1.1,E4,True,0.0
396,hydrolysis,1.3,transfer,1.15,L1,True,0.0
397,hydrolysis,1.3,transfer,1.15,L2,False,0.5925991820003934
398,hydrolysis,1.3,transfer,1.15,L3,False,0.059478981970494116
399,hydrolysis,1.3,transfer,1.15,E4,False,0.11348840821498907
400,hydrolysis,1.3,transfer,1.2,L1,True,0.0
401,hydrolysis,1.3,transfer,1.2,L2,False,0.6765681216530399
402,hydrolysis,1.3,transfer,1.2,L3,False,0.5479447468304895
403,hydrolysis,1.3,transfer,1.2,E4,False,0.5904866780178144
404,hydrolysis,1.3,transfer,1.25,L1,True,0.0
405,hydrolysis,1.3,transfer,1.25,L2,False,0.699477297170004
406,hydrolysis,1.3,transfer,1.25,L3,False,0.7616635930772641
407,hydrolysis,1.3,transfer,1.25,E4,False,0.8776239407399696
408,hydrolysis,1.3,transfer,1.3,L1,True,0.0
409,hydrolysis,1.3,transfer,1.3,L2,False,0.7031252971882094
410,hydrolysis,1.3,transfer,1.3,L3,False,0.8010758713554574
411,hydrolysis,1.3,transfer,1.3,E4,False,0.938925309974182
412,hydrolysis,1.3,transfer,1.35,L1,True,0.0
413,hydrolysis,1.3,transfer,1.35,L2,False,0.7036520676523841
414,hydrolysis,1.3,transfer,1.35,L3,False,0.8068834672815307
415,hydrolysis,1.3,transfer,1.35,E4,False,0.9483888279475791
416,hydrolysis,1.3,transfer,1.4,L1,True,0.0
417,hydrolysis,1.3,transfer,1.4,L2,False,0.7037269893957478
418,hydrolysis,1.3,transfer,1.4,L3,False,0.8077081509926514
419,hydrolysis,1.3,transfer,1.4,E4,False,0.9497674710640301
420,hydrolysis,1.35,transfer,0.7,L1,True,0.0
421,hydrolysis,1.35,transfer,0.7,L2,False,0.8679463010930177
422,hydrolysis,1.35,transfer,0.7,L3,True,0.0
423,hydrolysis,1.35,transfer,0.7,E4,True,0.0
424,hydrolysis,1.35,transfer,0.75,L1,True,0.0
425,hydrolysis,1.35,transfer,0.75,L2,False,0.8679463910985638
426,hydrolysis,1.35,transfer,0.75,L3,True,0.0
427,hydrolysis,1.35,transfer,0.75,E4,True,0.0
428,hydrolysis,1.35,transfer,0.8,L1,True,0.0
429,hydrolysis,1.35,transfer,0.8,L2,False,0.8679470428582937
430,hydrolysis,1.35,transfer,0.8,L3,True,0.0
431,hydrolysis,1.35,transfer,0.8,E4,True,0.0
432,hydrolysis,1.35,transfer,0.85,L1,True,0.0
433,hydrolysis,1.35,transfer,0.85,L2,False,0.8679507226715384
434,hydrolysis,1.35,transfer,0.85,L3,True,0.0
435,hydrolysis,1.35,transfer,0.85,E4,True,0.0
436,hydrolysis,1.35,transfer,0.9,L1,True,0.0
437,hydrolysis,1.35,transfer,0.9,L2,False,0.8679550780965869
438,hydrolysis,1.35,transfer,0.9,L3,True,0.0
439,hydrolysis,1.35,transfer,0.9,E4,True,0.0
440,hydrolysis,1.35,transfer,0.95,L1,True,0.0
441,hydrolysis,1.35,transfer,0.95,L2,False,0.8679616863683004
442,hydrolysis,1.35,transfer,0.95,L3,True,0.0
443,hydrolysis,1.35,transfer,0.95,E4,True,0.0
444,hydrolysis,1.35,transfer,1.0,L1,True,0.0
445,hydrolysis,1.35,transfer,1.0,L2,False,0.8680028745907112
446,hydrolysis,1.35,transfer,1.0,L3,True,0.0
447,hydrolysis,1.35,transfer,1.0,E4,True,0.0
448,hydrolysis,1.35,transfer,1.05,L1,True,0.0
449,hydrolysis,1.35,transfer,1.05,L2,False,0.8682912255313909
450,hydrolysis,1.35,transfer,1.05,L3,True,0.0
451,hydrolysis,1.35,transfer,1.05,E4,True,0.0
452,hydrolysis,1.35,transfer,1.1,L1,True,0.0
453,hydrolysis,1.35,transfer,1.1,L2,False,0.87032485902811
454,hydrolysis,1.35,transfer,1.1,L3,True,0.0
455,hydrolysis,1.35,transfer,1.1,E4,True,0.0
456,hydrolysis,1.35,transfer,1.15,L1,True,0.0
457,hydrolysis,1.35,transfer,1.15,L2,False,0.8830134613335813
458,hydrolysis,1.35,transfer,1.15,L3,False,0.05947898420959308
459,hydrolysis,1.35,transfer,1.15,E4,False,0.11348841188576264
460,hydrolysis,1.35,transfer,1.2,L1,True,0.0
461,hydrolysis,1.35,transfer,1.2,L2,False,0.9002152311715996
462,hydrolysis,1.35,transfer,1.2,L3,False,0.5479447562198344
463,hydrolysis,1.35,transfer,1.2,E4,False,0.590486700555663
464,hydrolysis,1.35,transfer,1.25,L1,True,0.0
465,hydrolysis,1.35,transfer,1.25,L2,False,0.9047856117666677
466,hydrolysis,1.35,transfer,1.25,L3,False,0.7616636061086852
467,hydrolysis,1.35,transfer,1.25,E4,False,0.8776239770973662
468,hydrolysis,1.35,transfer,1.3,L1,True,0.0
469,hydrolysis,1.35,transfer,1.3,L2,False,0.9055057182427998
470,hydrolysis,1.35,transfer,1.3,L3,False,0.8010758850816242
471,hydrolysis,1.35,transfer,1.3,E4,False,0.9389253494299856
472,hydrolysis,1.35,transfer,1.35,L1,True,0.0
473,hydrolysis,1.35,transfer,1.35,L2,False,0.9056095182746497
474,hydrolysis,1.35,transfer,1.35,L3,False,0.8068834811106196
475,hydrolysis,1.35,transfer,1.35,E4,False,0.9483888678856921
476,hydrolysis,1.35,transfer,1.4,L1,True,0.0
477,hydrolysis,1.35,transfer,1.4,L2,False,0.9056242778133441
478,hydrolysis,1.35,transfer,1.4,L3,False,0.8077081648363668
479,hydrolysis,1.35,transfer,1.4,E4,False,0.9497675110724924
480,hydrolysis,1.4,transfer,0.7,L1,True,0.0
481,hydrolysis,1.4,transfer,0.7,L2,False,0.9334564350184853
482,hydrolysis,1.4,transfer,0.7,L3,True,0.0
483,hydrolysis,1.4,transfer,0.7,E4,True,0.0
484,hydrolysis,1.4,transfer,0.75,L1,True,0.0
485,hydrolysis,1.4,transfer,0.75,L2,False,0.9334564489330522
486,hydrolysis,1.4,transfer,0.75,L3,True,0.0
487,hydrolysis,1.4,transfer,0.75,E4,True,0.0
488,hydrolysis,1.4,transfer,0.8,L1,True,0.0
489,hydrolysis,1.4,transfer,0.8,L2,False,0.933456526762185
490,hydrolysis,1.4,transfer,0.8,L3,True,0.0
491,hydrolysis,1.4,transfer,0.8,E4,True,0.0
492,hydrolysis,1.4,transfer,0.85,L1,True,0.0
493,hydrolysis,1.4,transfer,0.85,L2,False,0.9334566214084478
494,hydrolysis,1.4,transfer,0.85,L3,True,0.0
495,hydrolysis,1.4,transfer,0.85,E4,True,0.0
496,hydrolysis,1.4,transfer,0.9,L1,True,0.0
497,hydrolysis,1.4,transfer,0.9,L2,False,0.9334567665787475
498,hydrolysis,1.4,transfer,0.9,L3,True,0.0
499,hydrolysis,1.4,transfer,0.9,E4,True,0.0
500,hydrolysis,1.4,transfer,0.95,L1,True,0.0
501,hydrolysis,1.4,transfer,0.95,L2,False,0.9334576697367498
502,hydrolysis,1.4,transfer,0.95,L3,True,0.0
503,hydrolysis,1.4,transfer,0.95,E4,True,0.0
504,hydrolysis,1.4,transfer,1.0,L1,True,0.0
505,hydrolysis,1.4,transfer,1.0,L2,False,0.9334639782897247
506,hydrolysis,1.4,transfer,1.0,L3,True,0.0
507,hydrolysis,1.4,transfer,1.0,E4,True,0.0
508,hydrolysis,1.4,transfer,1.05,L1,True,0.0
509,hydrolysis,1.4,transfer,1.05,L2,False,0.9335081798610975
510,hydrolysis,1.4,transfer,1.05,L3,True,0.0
511,hydrolysis,1.4,transfer,1.05,E4,True,0.0
512,hydrolysis,1.4,transfer,1.1,L1,True,0.0
513,hydrolysis,1.4,transfer,1.1,L2,False,0.9338184462270058
514,hydrolysis,1.4,transfer,1.1,L3,True,0.0
515,hydrolysis,1.4,transfer,1.1,E4,True,0.0
516,hydrolysis,1.4,transfer,1.15,L1,True,0.0
517,hydrolysis,1.4,transfer,1.15,L2,False,0.9357268256641421
518,hydrolysis,1.4,transfer,1.15,L3,False,0.059478984529476364
519,hydrolysis,1.4,transfer,1.15,E4,False,0.11348841242262231
520,hydrolysis,1.4,transfer,1.2,L1,True,0.0
521,hydrolysis,1.4,transfer,1.2,L2,False,0.9383133169382966
522,hydrolysis,1.4,transfer,1.2,L3,False,0.5479447575667189
523,hydrolysis,1.4,transfer,1.2,E4,False,0.5904867038763881
524,hydrolysis,1.4,transfer,1.25,L1,True,0.0
525,hydrolysis,1.4,transfer,1.25,L2,False,0.9389978082651596
526,hydrolysis,1.4,transfer,1.25,L3,False,0.7616636079802748
527,hydrolysis,1.4,transfer,1.25,E4,False,0.8776239824690945
528,hydrolysis,1.4,transfer,1.3,L1,True,0.0
529,hydrolysis,1.4,transfer,1.3,L2,False,0.9391054722645195
530,hydrolysis,1.4,transfer,1.3,L3,False,0.801075887053387
531,hydrolysis,1.4,transfer,1.3,E4,False,0.9389253552624371
532,hydrolysis,1.4,transfer,1.35,L1,True,0.0
533,hydrolysis,1.4,transfer,1.35,L2,False,0.9391209870792074
534,hydrolysis,1.4,transfer,1.35,L3,False,0.8068834830972241
535,hydrolysis,1.4,transfer,1.35,E4,False,0.9483888737898868
536,hydrolysis,1.4,transfer,1.4,L1,True,0.0
537,hydrolysis,1.4,transfer,1.4,L2,False,0.9391231930701497
538,hydrolysis,1.4,transfer,1.4,L3,False,0.8077081668250806
539,hydrolysis,1.4,transfer,1.4,E4,False,0.9497675169871532
540,hydrolysis,1.45,transfer,0.7,L1,True,0.0
541,hydrolysis,1.45,transfer,0.7,L2,False,0.9431942348630669
542,hydrolysis,1.45,transfer,0.7,L3,True,0.0
543,hydrolysis,1.45,transfer,0.7,E4,True,0.0
544,hydrolysis,1.45,transfer,0.75,L1,True,0.0
545,hydrolysis,1.45,transfer,0.75,L2,False,0.9431942364738584
546,hydrolysis,1.45,transfer,0.75,L3,True,0.0
547,hydrolysis,1.45,transfer,0.75,E4,True,0.0
548,hydrolysis,1.45,transfer,0.8,L1,True,0.0
549,hydrolysis,1.45,transfer,0.8,L2,False,0.9431942384094661
550,hydrolysis,1.45,transfer,0.8,L3,True,0.0
551,hydrolysis,1.45,transfer,0.8,E4,True,0.0
552,hydrolysis,1.45,transfer,0.85,L1,True,0.0
553,hydrolysis,1.45,transfer,0.85,L2,False,0.9431942413794989
554,hydrolysis,1.45,transfer,0.85,L3,True,0.0
555,hydrolysis,1.45,transfer,0.85,E4,True,0.0
556,hydrolysis,1.45,transfer,0.9,L1,True,0.0
557,hydrolysis,1.45,transfer,0.9,L2,False,0.9431942600211928
558,hydrolysis,1.45,transfer,0.9,L3,True,0.0
559,hydrolysis,1.45,transfer,0.9,E4,True,0.0
560,hydrolysis,1.45,transfer,0.95,L1,True,0.0
561,hydrolysis,1.45,transfer,0.95,L2,False,0.9431943898568063
562,hydrolysis,1.45,transfer,0.95,L3,True,0.0
563,hydrolysis,1.45,transfer,0.95,E4,True,0.0
564,hydrolysis,1.45,transfer,1.0,L1,True,0.0
565,hydrolysis,1.45,transfer,1.0,L2,False,0.9431952979486911
566,hydrolysis,1.45,transfer,1.0,L3,True,0.0
567,hydrolysis,1.45,transfer,1.0,E4,True,0.0
568,hydrolysis,1.45,transfer,1.05,L1,True,0.0
569,hydrolysis,1.45,transfer,1.05,L2,False,0.9432016591550312
570,hydrolysis,1.45,transfer,1.05,L3,True,0.0
571,hydrolysis,1.45,transfer,1.05,E4,True,0.0
572,hydrolysis,1.45,transfer,1.1,L1,True,0.0
573,hydrolysis,1.45,transfer,1.1,L2,False,0.9432462805553474
574,hydrolysis,1.45,transfer,1.1,L3,True,0.0
575,hydrolysis,1.45,transfer,1.1,E4,True,0.0
576,hydrolysis,1.45,transfer,1.15,L1,True,0.0
577,hydrolysis,1.45,transfer,1.15,L2,False,0.9435201745412838
578,hydrolysis,1.45,transfer,1.15,L3,False,0.05947898457488959
579,hydrolysis,1.45,transfer,1.15,E4,False,0.11348841250053021
580,hydrolysis,1.45,transfer,1.2,L1,True,0.0
581,hydrolysis,1.45,transfer,1.2,L2,False,0.9438913755111741
582,hydrolysis,1.45,transfer,1.2,L3,False,0.5479447577580375
583,hydrolysis,1.45,transfer,1.2,E4,False,0.5904867043587688
584,hydrolysis,1.45,transfer,1.25,L1,True,0.0
585,hydrolysis,1.45,transfer,1.25,L2,False,0.9439895544968951
586,hydrolysis,1.45,transfer,1.25,L3,False,0.7616636082461707
587,hydrolysis,1.45,transfer,1.25,E4,False,0.8776239832497253
588,hydrolysis,1.45,transfer,1.3,L1,True,0.0
589,hydrolysis,1.45,transfer,1.3,L2,False,0.9440049932906102
590,hydrolysis,1.45,transfer,1.3,L3,False,0.8010758873335223
591,hydrolysis,1.45,transfer,1.3,E4,False,0.9389253561100845
592,hydrolysis,1.45,transfer,1.35,L1,True,0.0
593,hydrolysis,1.45,transfer,1.35,L2,False,0.9440072179856918
594,hydrolysis,1.45,transfer,1.35,L3,False,0.8068834833794695
595,hydrolysis,1.45,transfer,1.35,E4,False,0.9483888746479702
596,hydrolysis,1.45,transfer,1.4,L1,True,0.0
597,hydrolysis,1.45,transfer,1.4,L2,False,0.9440075343207422
598,hydrolysis,1.45,transfer,1.4,L3,False,0.8077081671076256
599,hydrolysis,1.45,transfer,1.4,E4,False,0.9497675178467584
600,hydrolysis,1.5,transfer,0.7,L1,True,0.0
601,hydrolysis,1.5,transfer,0.7,L2,False,0.9445896623476038
602,hydrolysis,1.5,transfer,0.7,L3,True,0.0
603,hydrolysis,1.5,transfer,0.7,E4,True,0.0
604,hydrolysis,1.5,transfer,0.75,L1,True,0.0
605,hydrolysis,1.5,transfer,0.75,L2,False,0.9445896623739889
606,hydrolysis,1.5,transfer,0.75,L3,True,0.0
607,hydrolysis,1.5,transfer,0.75,E4,True,0.0
608,hydrolysis,1.5,transfer,0.8,L1,True,0.0
609,hydrolysis,1.5,transfer,0.8,L2,False,0.9445896624479446
610,hydrolysis,1.5,transfer,0.8,L3,True,0.0
611,hydrolysis,1.5,transfer,0.8,E4,True,0.0
612,hydrolysis,1.5,transfer,0.85,L1,True,0.0
613,hydrolysis,1.5,transfer,0.85,L2,False,0.9445896628313832
614,hydrolysis,1.5,transfer,0.85,L3,True,0.0
615,hydrolysis,1.5,transfer,0.85,E4,True,0.0
616,hydrolysis,1.5,transfer,0.9,L1,True,0.0
617,hydrolysis,1.5,transfer,0.9,L2,False,0.9445896654706457
618,hydrolysis,1.5,transfer,0.9,L3,True,0.0
619,hydrolysis,1.5,transfer,0.9,E4,True,0.0
620,hydrolysis,1.5,transfer,0.95,L1,True,0.0
621,hydrolysis,1.5,transfer,0.95,L2,False,0.9445896839753553
622,hydrolysis,1.5,transfer,0.95,L3,True,0.0
623,hydrolysis,1.5,transfer,0.95,E4,True,0.0
624,hydrolysis,1.5,transfer,1.0,L1,True,0.0
625,hydrolysis,1.5,transfer,1.0,L2,False,0.9445898133633279
626,hydrolysis,1.5,transfer,1.0,L3,True,0.0
627,hydrolysis,1.5,transfer,1.0,E4,True,0.0
628,hydrolysis,1.5,transfer,1.05,L1,True,0.0
629,hydrolysis,1.5,transfer,1.05,L2,False,0.9445907199236876
630,hydrolysis,1.5,transfer,1.05,L3,True,0.0
631,hydrolysis,1.5,transfer,1.05,E4,True,0.0
632,hydrolysis,1.5,transfer,1.1,L1,True,0.0
633,hydrolysis,1.5,transfer,1.1,L2,False,0.9445970781661442
634,hydrolysis,1.5,transfer,1.1,L3,True,0.0
635,hydrolysis,1.5,transfer,1.1,E4,True,0.0
636,hydrolysis,1.5,transfer,1.15,L1,True,0.0
637,hydrolysis,1.5,transfer,1.15,L2,False,0.9446360947862769
638,hydrolysis,1.5,transfer,1.15,L3,False,0.05947898458132578
639,hydrolysis,1.5,transfer,1.15,E4,False,0.11348841251181341
640,hydrolysis,1.5,transfer,1.2,L1,True,0.0
641,hydrolysis,1.5,transfer,1.2,L2,False,0.944688972634452
642,hydrolysis,1.5,transfer,1.2,L3,False,0.547944757785152
643,hydrolysis,1.5,transfer,1.2,E4,False,0.5904867044286366
644,hydrolysis,1.5,transfer,1.25,L1,True,0.0
645,hydrolysis,1.5,transfer,1.25,L2,False,0.9447029571820171
646,hydrolysis,1.5,transfer,1.25,L3,False,0.7616636082838553
647,hydrolysis,1.5,transfer,1.25,E4,False,0.8776239833627985
648,hydrolysis,1.5,transfer,1.3,L1,True,0.0
649,hydrolysis,1.5,transfer,1.3,L2,False,0.9447051561572904
650,hydrolysis,1.5,transfer,1.3,L3,False,0.8010758873732253
651,hydrolysis,1.5,transfer,1.3,E4,False,0.9389253562328663
652,hydrolysis,1.5,transfer,1.35,L1,True,0.0
653,hydrolysis,1.5,transfer,1.35,L2,False,0.9447054730237393
654,hydrolysis,1.5,transfer,1.35,L3,False,0.8068834834194716
655,hydrolysis,1.5,transfer,1.35,E4,False,0.948388874772264
656,hydrolysis,1.5,transfer,1.4,L1,True,0.0
657,hydrolysis,1.5,transfer,1.4,L2,False,0.9447055180784488
658,hydrolysis,1.5,transfer,1.4,L3,False,0.8077081671476701
659,hydrolysis,1.5,transfer,1.4,E4,False,0.9497675179712727
660,hydrolysis,1.55,transfer,0.7,L1,True,0.0
661,hydrolysis,1.55,transfer,0.7,L2,False,0.9447884221777145
662,hydrolysis,1.55,transfer,0.7,L3,True,0.0
663,hydrolysis,1.55,transfer,0.7,E4,True,0.0
664,hydrolysis,1.55,transfer,0.75,L1,True,0.0
665,hydrolysis,1.55,transfer,0.75,L2,False,0.9447884221764923
666,hydrolysis,1.55,transfer,0.75,L3,True,0.0
667,hydrolysis,1.55,transfer,0.75,E4,True,0.0
668,hydrolysis,1.55,transfer,0.8,L1,True,0.0
669,hydrolysis,1.55,transfer,0.8,L2,False,0.9447884221790075
670,hydrolysis,1.55,transfer,0.8,L3,True,0.0
671,hydrolysis,1.55,transfer,0.8,E4,True,0.0
672,hydrolysis,1.55,transfer,0.85,L1,True,0.0
673,hydrolysis,1.55,transfer,0.85,L2,False,0.944788422239955
674,hydrolysis,1.55,transfer,0.85,L3,True,0.0
675,hydrolysis,1.55,transfer,0.85,E4,True,0.0
676,hydrolysis,1.55,transfer,0.9,L1,True,0.0
677,hydrolysis,1.55,transfer,0.9,L2,False,0.9447884226016579
678,hydrolysis,1.55,transfer,0.9,L3,True,0.0
679,hydrolysis,1.55,transfer,0.9,E4,True,0.0
680,hydrolysis,1.55,transfer,0.95,L1,True,0.0
681,hydrolysis,1.55,transfer,0.95,L2,False,0.9447884252428733
682,hydrolysis,1.55,transfer,0.95,L3,True,0.0
683,hydrolysis,1.55,transfer,0.95,E4,True,0.0
684,hydrolysis,1.55,transfer,1.0,L1,True,0.0
685,hydrolysis,1.55,transfer,1.0,L2,False,0.9447884436069838
686,hydrolysis,1.55,transfer,1.0,L3,True,0.0
687,hydrolysis,1.55,transfer,1.0,E4,True,0.0
688,hydrolysis,1.55,transfer,1.05,L1,True,0.0
689,hydrolysis,1.55,transfer,1.05,L2,False,0.9447885725712017
690,hydrolysis,1.55,transfer,1.05,L3,True,0.0
691,hydrolysis,1.55,transfer,1.05,E4,True,0.0
692,hydrolysis,1.55,transfer,1.1,L1,True,0.0
693,hydrolysis,1.55,transfer,1.1,L2,False,0.9447894767609505
694,hydrolysis,1.55,transfer,1.1,L3,True,0.0
695,hydrolysis,1.55,transfer,1.1,E4,True,0.0
696,hydrolysis,1.55,transfer,1.15,L1,True,0.0
697,hydrolysis,1.55,transfer,1.15,L2,False,0.9447950249764908
698,hydrolysis,1.55,transfer,1.15,L3,False,0.05947898458223677
699,hydrolysis,1.55,transfer,1.15,E4,False,0.11348841251344588
700,hydrolysis,1.55,transfer,1.2,L1,True,0.0
701,hydrolysis,1.55,transfer,1.2,L2,False,0.9448025442801463
702,hydrolysis,1.55,transfer,1.2,L3,False,0.5479447577889904
703,hydrolysis,1.55,transfer,1.2,E4,False,0.5904867044387438
704,hydrolysis,1.55,transfer,1.25,L1,True,0.0
705,hydrolysis,1.55,transfer,1.25,L2,False,0.9448045329083635
706,hydrolysis,1.55,transfer,1.25,L3,False,0.7616636082891903
707,hydrolysis,1.55,transfer,1.25,E4,False,0.877623983379157
708,hydrolysis,1.55,transfer,1.3,L1,True,0.0
709,hydrolysis,1.55,transfer,1.3,L2,False,0.9448048455736376
710,hydrolysis,1.55,transfer,1.3,L3,False,0.8010758873788462
711,hydrolysis,1.55,transfer,1.3,E4,False,0.9389253562506291
712,hydrolysis,1.55,transfer,1.35,L1,True,0.0
713,hydrolysis,1.55,transfer,1.35,L2,False,0.9448048906333375
714,hydrolysis,1.55,transfer,1.35,L3,False,0.8068834834251347
715,hydrolysis,1.55,transfer,1.35,E4,False,0.9483888747902453
716,hydrolysis,1.55,transfer,1.4,L1,True,0.0
717,hydrolysis,1.55,transfer,1.4,L2,False,0.9448048970385281
718,hydrolysis,1.55,transfer,1.4,L3,False,0.8077081671533393
719,hydrolysis,1.55,transfer,1.4,E4,False,0.9497675179892866
720,hydrolysis,1.6,transfer,0.7,L1,True,0.0
721,hydrolysis,1.6,transfer,0.7,L2,False,0.9448166886313756
722,hydrolysis,1.6,transfer,0.7,L3,True,0.0
723,hydrolysis,1.6,transfer,0.7,E4,True,0.0
724,hydrolysis,1.6,transfer,0.75,L1,True,0.0
725,hydrolysis,1.6,transfer,0.75,L2,False,0.944816688625335
726,hydrolysis,1.6,transfer,0.75,L3,True,0.0
727,hydrolysis,1.6,transfer,0.75,E4,True,0.0
728,hydrolysis,1.6,transfer,0.8,L1,True,0.0
729,hydrolysis,1.6,transfer,0.8,L2,False,0.9448166886122229
730,hydrolysis,1.6,transfer,0.8,L3,True,0.0
731,hydrolysis,1.6,transfer,0.8,E4,True,0.0
732,hydrolysis,1.6,transfer,0.85,L1,True,0.0
733,hydrolysis,1.6,transfer,0.85,L2,False,0.9448166886407906
734,hydrolysis,1.6,transfer,0.85,L3,True,0.0
735,hydrolysis,1.6,transfer,0.85,E4,True,0.0
736,hydrolysis,1.6,transfer,0.9,L1,True,0.0
737,hydrolysis,1.6,transfer,0.9,L2,False,0.9448166886842052
738,hydrolysis,1.6,transfer,0.9,L3,True,0.0
739,hydrolysis,1.6,transfer,0.9,E4,True,0.0
740,hydrolysis,1.6,transfer,0.95,L1,True,0.0
741,hydrolysis,1.6,transfer,0.95,L2,False,0.9448166890276953
742,hydrolysis,1.6,transfer,0.95,L3,True,0.0
743,hydrolysis,1.6,transfer,0.95,E4,True,0.0
744,hydrolysis,1.6,transfer,1.0,L1,True,0.0
745,hydrolysis,1.6,transfer,1.0,L2,False,0.9448166916603354
746,hydrolysis,1.6,transfer,1.0,L3,True,0.0
747,hydrolysis,1.6,transfer,1.0,E4,True,0.0
748,hydrolysis,1.6,transfer,1.05,L1,True,0.0
749,hydrolysis,1.6,transfer,1.05,L2,False,0.9448167099570877
750,hydrolysis,1.6,transfer,1.05,L3,True,0.0
751,hydrolysis,1.6,transfer,1.05,E4,True,0.0
752,hydrolysis,1.6,transfer,1.1,L1,True,0.0
753,hydrolysis,1.6,transfer,1.1,L2,False,0.944816838462564
754,hydrolysis,1.6,transfer,1.1,L3,True,0.0
755,hydrolysis,1.6,transfer,1.1,E4,True,0.0
756,hydrolysis,1.6,transfer,1.15,L1,True,0.0
757,hydrolysis,1.6,transfer,1.15,L2,False,0.9448176267492788
758,hydrolysis,1.6,transfer,1.15,L3,False,0.05947898458236567
759,hydrolysis,1.6,transfer,1.15,E4,False,0.11348841251368191
760,hydrolysis,1.6,transfer,1.2,L1,True,0.0
761,hydrolysis,1.6,transfer,1.2,L2,False,0.9448186950525775
762,hydrolysis,1.6,transfer,1.2,L3,False,0.5479447577895333
763,hydrolysis,1.6,transfer,1.2,E4,False,0.590486704440205
764,hydrolysis,1.6,transfer,1.25,L1,True,0.0
765,hydrolysis,1.6,transfer,1.25,L2,False,0.9448189776073412
766,hydrolysis,1.6,transfer,1.25,L3,False,0.7616636082899448
767,hydrolysis,1.6,transfer,1.25,E4,False,0.8776239833815214
768,hydrolysis,1.6,transfer,1.3,L1,True,0.0
769,hydrolysis,1.6,transfer,1.3,L2,False,0.9448190220186847
770,hydrolysis,1.6,transfer,1.3,L3,False,0.8010758873796411
771,hydrolysis,1.6,transfer,1.3,E4,False,0.9389253562531968
772,hydrolysis,1.6,transfer,1.35,L1,True,0.0
773,hydrolysis,1.6,transfer,1.35,L2,False,0.9448190284215202
774,hydrolysis,1.6,transfer,1.35,L3,False,0.8068834834259356
775,hydrolysis,1.6,transfer,1.35,E4,False,0.948388874792844
776,hydrolysis,1.6,transfer,1.4,L1,True,0.0
777,hydrolysis,1.6,transfer,1.4,L2,False,0.9448190293293194
778,hydrolysis,1.6,transfer,1.4,L3,False,0.8077081671541411
779,hydrolysis,1.6,transfer,1.4,E4,False,0.9497675179918899
