,experiment,label,observable,observable_label,model,predicted,low,high,status,consistent
0,E1,"TMSOH in EC, RT, 1 week",ring_opened_fraction,TMSOH ring-opened into TMSOEG + TMSOdiEG (fraction),peter_reference,0.6167620051876075,,0.02,derived,False
1,E1,"TMSOH in EC, RT, 1 week",ring_opened_fraction,TMSOH ring-opened into TMSOEG + TMSOdiEG (fraction),family_bep,0.0022130123533525003,,0.02,derived,True
2,E1,"TMSOH in EC, RT, 1 week",ring_opened_fraction,TMSOH ring-opened into TMSOEG + TMSOdiEG (fraction),family_marcus,0.005509850644833554,,0.02,derived,True
3,E1,"TMSOH in EC, RT, 1 week",ring_opened_fraction,TMSOH ring-opened into TMSOEG + TMSOdiEG (fraction),level1,0.003233713527969956,,0.02,derived,True
4,E2,"TMSOH in EC, 8 h at 80 °C",ring_opened_fraction,TMSOH ring-opened into TMSOEG + TMSOdiEG (fraction),peter_reference,0.9893808709702002,0.05,0.9,derived,False
5,E2,"TMSOH in EC, 8 h at 80 °C",ring_opened_fraction,TMSOH ring-opened into TMSOEG + TMSOdiEG (fraction),family_bep,0.2638443756073471,0.05,0.9,derived,True
6,E2,"TMSOH in EC, 8 h at 80 °C",ring_opened_fraction,TMSOH ring-opened into TMSOEG + TMSOdiEG (fraction),family_marcus,0.4846653853778654,0.05,0.9,derived,True
7,E2,"TMSOH in EC, 8 h at 80 °C",ring_opened_fraction,TMSOH ring-opened into TMSOEG + TMSOdiEG (fraction),level1,0.3754143071399727,0.05,0.9,derived,True
8,E3,"TMSOH in EC, 8 h at 80 °C",hmdso_si_fraction,Si of TMSOH ending in HMDSO (fraction),peter_reference,0.010599644889552829,,0.05,assumed,True
9,E3,"TMSOH in EC, 8 h at 80 °C",hmdso_si_fraction,Si of TMSOH ending in HMDSO (fraction),family_bep,0.20140431327068525,,0.05,assumed,False
10,E3,"TMSOH in EC, 8 h at 80 °C",hmdso_si_fraction,Si of TMSOH ending in HMDSO (fraction),family_marcus,0.14099021910290002,,0.05,assumed,False
11,E3,"TMSOH in EC, 8 h at 80 °C",hmdso_si_fraction,Si of TMSOH ending in HMDSO (fraction),level1,0.006359522148688456,,0.05,assumed,True
12,E4,"TMSPA + TMSOH in EC, RT, 24 h",tmspa_conversion,TMSPA converted (fraction),peter_reference,0.003272146140747778,0.95,,assumed,False
13,E4,"TMSPA + TMSOH in EC, RT, 24 h",tmspa_conversion,TMSPA converted (fraction),family_bep,0.9999719368850774,0.95,,assumed,True
14,E4,"TMSPA + TMSOH in EC, RT, 24 h",tmspa_conversion,TMSPA converted (fraction),family_marcus,0.9999719353942975,0.95,,assumed,True
15,E4,"TMSPA + TMSOH in EC, RT, 24 h",tmspa_conversion,TMSPA converted (fraction),level1,0.9999719367612346,0.95,,assumed,True
