model,reaction,class,dG_rxn_eV,dG_barrier_f_eV,k_f,k_r,K_eq
peter_reference,R1,hydrolysis,-0.4744841790745109,1.15,1.0359510750471722e-07,7.212716685553842e-16,143628416.33888808
peter_reference,R2,hydrolysis,-0.15799999301256196,1.15,1.0359510750471722e-07,1.990828637388885e-10,520.3617506757872
peter_reference,R3,hydrolysis,-0.17746062342214775,1.15,1.0359510750471722e-07,9.214472529118193e-11,1124.2651945333985
peter_reference,R4,condensation,0.10162106236172057,1.2008105311808601,1.3861633314296456e-08,7.742194628569114e-07,0.017904010399255897
peter_reference,R5,transfer,-0.3728631167139969,1.15,1.0359510750471722e-07,4.028548087477147e-14,2571524.6598829357
peter_reference,R6,transfer,-0.05637893064239547,1.15,1.0359510750471722e-07,1.1119456443888303e-08,9.316562192359433
peter_reference,R7,transfer,-0.07583956106163375,1.15,1.0359510750471722e-07,5.146596948503254e-09,20.128855735408813
peter_reference,R8,solvent_attack,-0.04717159174085289,1.15,1.0359510750471722e-07,1.6009373992706098e-08,6.4709030816517465
peter_reference,R9,solvent_attack,-0.467192134254746,1.15,1.0359510750471722e-07,9.62636444808693e-16,107616024.78628878
family_bep,R1,hydrolysis,-0.4744841790745109,0.8,0.10776349094706689,7.502936653760862e-10,143628416.33888808
family_bep,R2,hydrolysis,-0.15799999301256196,0.8,0.10776349094706689,0.0002070934130095377,520.3617506757872
family_bep,R3,hydrolysis,-0.17746062342214775,0.8,0.10776349094706689,9.585237670885271e-05,1124.2651945333985
family_bep,R4,condensation,0.10162106236172057,0.8508105311808604,0.014419387480327842,0.8053719339286757,0.017904010399255897
family_bep,R5,transfer,-0.3728631167139969,0.8,0.10776349094706689,4.1906458307878965e-08,2571524.6598829357
family_bep,R6,transfer,-0.05637893064239547,0.8,0.10776349094706689,0.011566872921799884,9.316562192359433
family_bep,R7,transfer,-0.07583956106163375,0.8,0.10776349094706689,0.005353681916329668,20.128855735408813
family_bep,R8,solvent_attack,-0.04717159174085289,1.3,2.732550608966179e-10,4.222827284671176e-11,6.4709030816517465
family_bep,R9,solvent_attack,-0.467192134254746,1.3,2.732550608966179e-10,2.539167019403164e-18,107616024.78628878
family_marcus,R1,hydrolysis,-0.4744841790745109,0.5803466007902455,643.7399624976008,4.481981900981979e-06,143628416.33888808
family_marcus,R2,hydrolysis,-0.15799999301256196,0.7229503158212167,2.27559484825857,0.0043731016841712204,520.3617506757872
family_marcus,R3,hydrolysis,-0.17746062342214775,0.7137300221065339,3.27799623763716,0.00291567883945533,1124.2651945333985
family_marcus,R4,condensation,0.10162106236172057,0.8516173155805107,0.013966150922074119,0.7800571274609269,0.017904010399255897
family_marcus,R5,transfer,-0.3728631167139969,0.62442991850282,112.41870699016013,4.371675245582821e-05,2571524.6598829357
family_marcus,R6,transfer,-0.05637893064239547,0.7720588615397694,0.32570941159762284,0.03496025732160507,9.316562192359433
family_marcus,R7,transfer,-0.07583956106163375,0.7625295662677787,0.4749589895229041,0.023595925956556008,20.128855735408813
family_marcus,R8,solvent_attack,-0.04717159174085289,1.2765211829308893,6.921679769873348e-10,1.0696620985561936e-10,6.4709030816517465
family_marcus,R9,solvent_attack,-0.467192134254746,1.0768976102913532,1.8711190113538008e-06,1.738699245832204e-14,107616024.78628878
level1,R1,hydrolysis,-0.4744841790745109,0.5803466007902455,643.7399624976008,4.481981900981979e-06,143628416.33888808
level1,R2,hydrolysis,-0.15799999301256196,0.7229503158212167,2.27559484825857,0.0043731016841712204,520.3617506757872
level1,R3,hydrolysis,-0.17746062342214775,0.7137300221065339,3.27799623763716,0.00291567883945533,1124.2651945333985
level1,R4,condensation,0.10162106236172057,1.3513070138883378,3.5851550283773816e-11,2.0024312701060447e-09,0.017904010399255897
level1,R5,transfer,-0.3728631167139969,0.62442991850282,112.41870699016013,4.371675245582821e-05,2571524.6598829357
level1,R6,transfer,-0.05637893064239547,0.7720588615397694,0.32570941159762284,0.03496025732160507,9.316562192359433
level1,R7,transfer,-0.07583956106163375,0.7625295662677787,0.4749589895229041,0.023595925956556008,20.128855735408813
level1,R8,solvent_attack,-0.04717159174085289,1.2965195620399603,3.1361962516552916e-10,4.846612925710447e-11,6.4709030816517465
level1,R9,solvent_attack,-0.467192134254746,1.0967386151789482,8.530975351873032e-07,7.927235157416772e-15,107616024.78628878
