reaction,class,equation,dG_gas_eV,dG_rxn_eV,dG_rxn_kJ_mol,sigma_solv_eV,K_eq
R1,hydrolysis,TMSPA + H2O ⇌ BMSPA + TMSOH,0.139406924994546,-0.4744841790745109,-45.78076360526029,0.2615815331295564,104819668.1867578
R2,hydrolysis,BMSPA + H2O ⇌ MMSPA + TMSOH,0.14891539968084544,-0.15799999301256196,-15.244681801297702,0.24566638181874723,468.54650415403995
R3,hydrolysis,MMSPA + H2O ⇌ H3PO4 + TMSOH,0.19150911046381225,-0.17746062342214775,-17.122347189695574,0.24133824026435088,999.3219940731193
R4,condensation,2 TMSOH ⇌ HMDSO + H2O,-0.1315787533967523,0.10162106236172057,9.804941952694207,0.3363326370253047,0.01915351508684425
R5,transfer,TMSPA + TMSOH ⇌ BMSPA + HMDSO,0.007828171597793698,-0.3728631167139969,-35.9758216526825,0.2504372364146721,2007665.0961073563
R6,transfer,BMSPA + TMSOH ⇌ MMSPA + HMDSO,0.017336646291369107,-0.05637893064239547,-5.439739847788587,0.23376458684865775,8.97431253325241
R7,transfer,MMSPA + TMSOH ⇌ H3PO4 + HMDSO,0.05993035706342198,-0.07583956106163375,-7.317405237117782,0.22921181715283073,19.14052889099364
R8,solvent_attack,EC + TMSOH ⇌ TMSOEG + CO2,-0.32294418774108635,-0.04717159174085289,-4.551366695901379,0.39598584987164254,6.271406434741088
R9,solvent_attack,EC + TMSOEG ⇌ TMSOdiEG + CO2,-0.33140257504419424,-0.467192134254746,-45.07718823896721,0.43988280251973655,78919024.65952687
