species,formula,level of theory,G_gas (Eh),H_gas (Eh),n_atoms,n_modes,ΔE_solv (kJ/mol),σ ΔE_solv (kJ/mol)
TMSPA,C9H27O4PSi3,wB97M-V/def2-TZVPD,-1870.02,-1869.94,44,123,-148.9512,24.2908
BMSPA,C6H19O4PSi2,wB97M-V/def2-TZVPD,-1461.43,-1461.36,32,89,-191.3901,21.9782
MMSPA,C3H11O4PSi,wB97M-V/def2-TZVPD,-1052.83,-1052.78,20,54,-204.2102,22.6911
H3PO4,H3O4P,wB97M-V/def2-TZVPD,-644.23,-644.2,8,18,-223.0178,21.5272
H2O,H2O,wB97M-V/def2-TZVPD,-76.43,-76.41,3,3,-136.2488,21.6779
TMSOH,C3H10OSi,wB97M-V/def2-TZVPD,-485.02,-484.98,15,39,-153.0414,24.7011
HMDSO,C6H18OSi2,wB97M-V/def2-TZVPD,-893.61,-893.56,27,74,-147.3337,20.416
EC,C3H4O3,wB97M-V/def2-TZVPD,-342.4,-342.36,10,24,-54.2067,27.5334
TMSOEG,C5H14O2Si,wB97M-V/def2-TZVPD,-638.79,-638.74,22,60,-140.1009,20.5041
TMSOdiEG,C7H18O3Si,wB97M-V/def2-TZVPD,-792.57,-792.51,29,80,-166.87,30.8501
CO2,CO2,wB97M-V/def2-TZVPD,-188.63,-188.61,3,4,-40.5393,34.4569
