,level of theory,"gibbs_eh (Eh, 298 K)",n_modes,delta_e_solv_kjmol,uncertainty_kjmol,solvation model
TMSPA,wB97M-V/def2-TZVPD,-1870.0203105,123,-148.9512281255344,24.29077448733061,MACE-OMol-extra_large
BMSPA,wB97M-V/def2-TZVPD,-1461.4256885,89,-191.39006520619054,21.97819575131536,MACE-OMol-extra_large
MMSPA,wB97M-V/def2-TZVPD,-1052.83071707,54,-204.2102488204438,22.691131741113363,MACE-OMol-extra_large
H3PO4,wB97M-V/def2-TZVPD,-644.23418035,18,-223.0177661538683,21.527156390399302,MACE-OMol-extra_large
H2O,wB97M-V/def2-TZVPD,-76.42991648,3,-136.24876145210095,21.67794688707924,MACE-OMol-extra_large
TMSOH,wB97M-V/def2-TZVPD,-485.01941537,39,-153.04141143594177,24.701109170081846,MACE-OMol-extra_large
HMDSO,wB97M-V/def2-TZVPD,-893.61374969,74,-147.33369974500857,20.41599875691806,MACE-OMol-extra_large
EC,wB97M-V/def2-TZVPD,-342.39503575,24,-54.20674297233422,27.53335356981175,MACE-OMol-extra_large
TMSOEG,wB97M-V/def2-TZVPD,-638.79306658,60,-140.10086076325808,20.504062799275424,MACE-OMol-extra_large
TMSOdiEG,wB97M-V/def2-TZVPD,-792.56702863,80,-166.87002132632054,30.850069925556642,MACE-OMol-extra_large
CO2,wB97M-V/def2-TZVPD,-188.63325252,4,-40.53928312930795,34.45692303024213,MACE-OMol-extra_large
