,name,mass_g_mol,G_gas_Eh,G_gas_eV,H_gas_eV,E_scf_eV,dE_solv_eV,dE_solv_sigma_eV,sigma_rot
TMSPA,TMSPA,314.53999999999996,-1870.0203105,-50885.84495685791,-50883.68428870679,-50894.04660067795,-1.543770693924461,0.251756136946148,1
BMSPA,BMSPA,242.358,-1461.4256885,-39767.41887958244,-39765.57979423342,-39773.025019500434,-1.9836182453265594,0.22778794732474802,1
MMSPA,MMSPA,170.176,-1052.83071707,-28648.98329383228,-28647.527216091738,-28652.028660606833,-2.116490085347474,0.2351770081706687,1
H3PO4,H3PO4,97.994,-644.23418035,-17530.505114371343,-17529.51544305642,-17531.04189264033,-2.3114162665559106,0.22311325376262583,1
H2O,H2O,18.015,-76.42991648,-2079.7639780858835,-2079.1810603956574,-2079.8646245461455,-1.4121189040213131,0.2246760871318184,1
TMSOH,TMSOH,90.19699999999999,-485.01941537,-13198.050648436358,-13196.895193111304,-13200.543919385686,-1.586162456697066,0.2560089562474986,1
HMDSO,HMDSO,162.379,-893.61374969,-24316.468897540228,-24314.905763947576,-24321.50324568014,-1.5270061936120343,0.2115969164186121,1
EC,EC,88.062,-342.39503575,-9317.043566502118,-9316.113084033992,-9318.324651510055,-0.5618133013529664,0.28536310093873773,1
TMSOEG,TMSOEG,134.25,-638.79306658,-17382.444865967507,-17381.04559526112,-17386.498142450488,-1.4520431000248475,0.21250963590062433,1
TMSOdiEG,TMSOdiEG,178.303,-792.56702863,-21566.84754188596,-21565.249943439943,-21572.4556280953,-1.7294858985722057,0.31973844362301296,1
CO2,CO2,44.009,-188.63325252,-5132.972293158709,-5132.31277187872,-5132.730119330428,-0.4201600620237074,0.3571208418104998,1
