,G_gas (eV),S_gas (J/mol/K),ΔE_solv (eV),σ ΔE_solv (eV)
TMSPA,-50885.84495685791,699.2211442861687,-1.543770693924461,0.251756136946148
BMSPA,-39767.41887958244,595.1526436468574,-1.9836182453265594,0.22778794732474802
MMSPA,-28648.98329383228,471.206253206698,-2.116490085347474,0.2351770081706687
H3PO4,-17530.505114371343,320.27088885817665,-2.3114162665559106,0.22311325376262583
H2O,-2079.7639780858835,188.6399696194015,-1.4121189040213131,0.2246760871318184
TMSOH,-13198.050648436358,373.920814326454,-1.586162456697066,0.2560089562474986
HMDSO,-24316.468897540228,505.85096038946193,-1.5270061936120343,0.2115969164186121
EC,-9317.043566502118,301.1165855174662,-0.5618133013529664,0.28536310093873773
TMSOEG,-17382.444865967507,452.8227363282569,-1.4520431000248475,0.21250963590062433
TMSOdiEG,-21566.84754188596,517.0042484104816,-1.7294858985722057,0.31973844362301296
CO2,-5132.972293158709,213.42991696180738,-0.4201600620237074,0.3571208418104998
